{"mean":{"confidence_interval":{"confidence_level":0.95,"lower_bound":-0.009174387577619144,"upper_bound":-0.0055825060678168364},"point_estimate":-0.0073452821501232,"standard_error":0.000915866127489944},"median":{"confidence_interval":{"confidence_level":0.95,"lower_bound":-0.012901351676959494,"upper_bound":-0.005831288401890675},"point_estimate":-0.009179439973889814,"standard_error":0.0018130766630232522}}