{"mean":{"confidence_interval":{"confidence_level":0.95,"lower_bound":1030644.0615538461,"upper_bound":1035849.3254961527},"point_estimate":1033215.3515384615,"standard_error":1326.9685363373728},"median":{"confidence_interval":{"confidence_level":0.95,"lower_bound":1014535.7692307692,"upper_bound":1018860.0},"point_estimate":1016607.5,"standard_error":978.2674834961794},"median_abs_dev":{"confidence_interval":{"confidence_level":0.95,"lower_bound":45847.13466758912,"upper_bound":53191.70684488919},"point_estimate":49871.01363768941,"standard_error":1794.966849887814},"slope":null,"std_dev":{"confidence_interval":{"confidence_level":0.95,"lower_bound":40252.39891736,"upper_bound":44125.082393937075},"point_estimate":42124.11181106562,"standard_error":991.6010061321349}}