{"mean":{"confidence_interval":{"confidence_level":0.95,"lower_bound":0.006314577583784936,"upper_bound":0.012800666716602977},"point_estimate":0.009582697038082566,"standard_error":0.0016576861251354701},"median":{"confidence_interval":{"confidence_level":0.95,"lower_bound":-0.009281162112494301,"upper_bound":0.01516687849094267},"point_estimate":0.009810815573935372,"standard_error":0.006044594370723539}}