{"mean":{"confidence_interval":{"confidence_level":0.95,"lower_bound":-0.03224014328020394,"upper_bound":-0.02620828455737177},"point_estimate":-0.029152998711519995,"standard_error":0.0015335340270529703},"median":{"confidence_interval":{"confidence_level":0.95,"lower_bound":-0.05083958876203343,"upper_bound":-0.043581450207457184},"point_estimate":-0.04702642619701691,"standard_error":0.0018769949213371484}}