{"mean":{"confidence_interval":{"confidence_level":0.95,"lower_bound":501409.96092068957,"upper_bound":504256.85267241363},"point_estimate":502830.5663103448,"standard_error":729.2372656797794},"median":{"confidence_interval":{"confidence_level":0.95,"lower_bound":491889.275862069,"upper_bound":515266.275862069},"point_estimate":504157.9137931034,"standard_error":6053.115263122006},"median_abs_dev":{"confidence_interval":{"confidence_level":0.95,"lower_bound":24088.261889589256,"upper_bound":34550.56091074288},"point_estimate":32088.166851010814,"standard_error":2711.031373829028},"slope":null,"std_dev":{"confidence_interval":{"confidence_level":0.95,"lower_bound":22676.123887705693,"upper_bound":23561.280035314936},"point_estimate":23112.84007882974,"standard_error":225.13545507166938}}