{"mean":{"confidence_interval":{"confidence_level":0.95,"lower_bound":-0.022271689322100517,"upper_bound":-0.017646454733654202},"point_estimate":-0.019952055874798535,"standard_error":0.00118130473438526},"median":{"confidence_interval":{"confidence_level":0.95,"lower_bound":-0.008550032790753306,"upper_bound":-0.00328726230266479},"point_estimate":-0.005661848442708783,"standard_error":0.0013341426615960798}}