{"mean":{"confidence_interval":{"confidence_level":0.95,"lower_bound":337322.32313695695,"upper_bound":338991.44205815176},"point_estimate":338160.1034347829,"standard_error":426.3917958590404},"median":{"confidence_interval":{"confidence_level":0.95,"lower_bound":344145.22826086957,"upper_bound":346341.4130434783},"point_estimate":345318.2826086957,"standard_error":586.3941639015275},"median_abs_dev":{"confidence_interval":{"confidence_level":0.95,"lower_bound":7338.450874064242,"upper_bound":11775.487441595447},"point_estimate":9404.695665642035,"standard_error":1113.6078622829214},"slope":null,"std_dev":{"confidence_interval":{"confidence_level":0.95,"lower_bound":13127.95708774854,"upper_bound":13848.935134001491},"point_estimate":13486.822708712796,"standard_error":183.1800309140559}}