{"mean":{"confidence_interval":{"confidence_level":0.95,"lower_bound":1793334.9905,"upper_bound":1803861.224903125},"point_estimate":1798575.135875,"standard_error":2679.552330330076},"median":{"confidence_interval":{"confidence_level":0.95,"lower_bound":1756938.1875,"upper_bound":1772863.125},"point_estimate":1762220.9375,"standard_error":4119.041513686721},"median_abs_dev":{"confidence_interval":{"confidence_level":0.95,"lower_bound":82355.4888200853,"upper_bound":106361.29586420952},"point_estimate":94895.38657777011,"standard_error":6535.277615286051},"slope":null,"std_dev":{"confidence_interval":{"confidence_level":0.95,"lower_bound":82168.49375259172,"upper_bound":87538.33999162703},"point_estimate":84796.30334080891,"standard_error":1372.982096008053}}