{"mean":{"confidence_interval":{"confidence_level":0.95,"lower_bound":-0.010532340149085764,"upper_bound":-0.005817613563542437},"point_estimate":-0.008138668691209716,"standard_error":0.0012053410422692172},"median":{"confidence_interval":{"confidence_level":0.95,"lower_bound":0.009695707455899625,"upper_bound":0.014180928226503131},"point_estimate":0.012871595679541992,"standard_error":0.001201206888651337}}