{"mean":{"confidence_interval":{"confidence_level":0.95,"lower_bound":0.05268230907636029,"upper_bound":0.057827223793747676},"point_estimate":0.05516461448375831,"standard_error":0.0013094426545527742},"median":{"confidence_interval":{"confidence_level":0.95,"lower_bound":0.0703036858773067,"upper_bound":0.07682576032075561},"point_estimate":0.07432891878993075,"standard_error":0.0016789357405661799}}