{"mean":{"confidence_interval":{"confidence_level":0.95,"lower_bound":23692845.125875,"upper_bound":23769021.61115},"point_estimate":23731034.234,"standard_error":19394.23502073589},"median":{"confidence_interval":{"confidence_level":0.95,"lower_bound":23648558.0,"upper_bound":23716398.0},"point_estimate":23682403.5,"standard_error":16571.194841123135},"median_abs_dev":{"confidence_interval":{"confidence_level":0.95,"lower_bound":510239.7461414337,"upper_bound":603595.3785165399},"point_estimate":564964.735069871,"standard_error":24356.017794482916},"slope":null,"std_dev":{"confidence_interval":{"confidence_level":0.95,"lower_bound":575245.7474393734,"upper_bound":649468.185239619},"point_estimate":612208.1924407613,"standard_error":18974.36171506345}}