{"mean":{"confidence_interval":{"confidence_level":0.95,"lower_bound":14102033.428425001,"upper_bound":14139337.992275},"point_estimate":14121082.514,"standard_error":9519.450496002208},"median":{"confidence_interval":{"confidence_level":0.95,"lower_bound":14108370.5,"upper_bound":14128603.5},"point_estimate":14115692.5,"standard_error":5196.718556426894},"median_abs_dev":{"confidence_interval":{"confidence_level":0.95,"lower_bound":119545.00107765198,"upper_bound":143981.95514380932},"point_estimate":131586.67806386948,"standard_error":6215.106693074067},"slope":null,"std_dev":{"confidence_interval":{"confidence_level":0.95,"lower_bound":262258.7973247819,"upper_bound":338769.3693574979},"point_estimate":300999.5464347809,"standard_error":19583.908317840032}}