{"mean":{"confidence_interval":{"confidence_level":0.95,"lower_bound":1.4374411421655047,"upper_bound":1.4519893911818718},"point_estimate":1.444745471315675,"standard_error":0.003712429666815278},"median":{"confidence_interval":{"confidence_level":0.95,"lower_bound":1.3942703973819741,"upper_bound":1.441115777600742},"point_estimate":1.4159583499131694,"standard_error":0.011192003325222266}}