{"mean":{"confidence_interval":{"confidence_level":0.95,"lower_bound":-0.036815037433840674,"upper_bound":-0.029847031033779902},"point_estimate":-0.033400406445093345,"standard_error":0.0017873881201979766},"median":{"confidence_interval":{"confidence_level":0.95,"lower_bound":-0.05055297512601398,"upper_bound":-0.02890527560083489},"point_estimate":-0.038709397434010695,"standard_error":0.005272861893952186}}