{"mean":{"confidence_interval":{"confidence_level":0.95,"lower_bound":0.0017353368555919394,"upper_bound":0.007580985174175286},"point_estimate":0.00471886752485462,"standard_error":0.0014975081177990605},"median":{"confidence_interval":{"confidence_level":0.95,"lower_bound":0.004256850682268477,"upper_bound":0.008808728287824068},"point_estimate":0.006679885443973577,"standard_error":0.0011773817307088588}}