{"mean":{"confidence_interval":{"confidence_level":0.95,"lower_bound":0.7924180739448642,"upper_bound":0.8061091323935207},"point_estimate":0.7992959684121326,"standard_error":0.0034757949293375036},"median":{"confidence_interval":{"confidence_level":0.95,"lower_bound":0.7393079926323528,"upper_bound":0.7754978124487257},"point_estimate":0.7517759732594407,"standard_error":0.010402700393949981}}