{"mean":{"confidence_interval":{"confidence_level":0.95,"lower_bound":8025143.0780375,"upper_bound":8141696.07255},"point_estimate":8083385.153,"standard_error":29575.09181633955},"median":{"confidence_interval":{"confidence_level":0.95,"lower_bound":8692805.5,"upper_bound":8784752.75},"point_estimate":8752964.5,"standard_error":30662.11872953932},"median_abs_dev":{"confidence_interval":{"confidence_level":0.95,"lower_bound":402955.4113323614,"upper_bound":608335.9733998775},"point_estimate":471264.78738337755,"standard_error":59643.22854192149},"slope":null,"std_dev":{"confidence_interval":{"confidence_level":0.95,"lower_bound":927776.1179968971,"upper_bound":948469.6848721261},"point_estimate":939103.1036471265,"standard_error":5267.573728546659}}