{"mean":{"confidence_interval":{"confidence_level":0.95,"lower_bound":230915.15047738142,"upper_bound":232070.11130714315},"point_estimate":231489.30136507933,"standard_error":294.22845051751847},"median":{"confidence_interval":{"confidence_level":0.95,"lower_bound":226094.05555555556,"upper_bound":227710.0396825397},"point_estimate":226667.95238095237,"standard_error":387.79681412245606},"median_abs_dev":{"confidence_interval":{"confidence_level":0.95,"lower_bound":7701.895063263989,"upper_bound":10866.834173741814},"point_estimate":8766.813677691265,"standard_error":753.928478568328},"slope":null,"std_dev":{"confidence_interval":{"confidence_level":0.95,"lower_bound":9112.91710069304,"upper_bound":9568.123177377223},"point_estimate":9328.075775153236,"standard_error":115.81194448936803}}