{"mean":{"confidence_interval":{"confidence_level":0.95,"lower_bound":8582887.24585,"upper_bound":8612614.57665},"point_estimate":8597721.182,"standard_error":7588.0793909346885},"median":{"confidence_interval":{"confidence_level":0.95,"lower_bound":8446451.25,"upper_bound":8513830.0},"point_estimate":8469864.75,"standard_error":18808.98735767939},"median_abs_dev":{"confidence_interval":{"confidence_level":0.95,"lower_bound":151558.33752930164,"upper_bound":253296.6457530856},"point_estimate":186683.0582857132,"standard_error":28325.401005875345},"slope":null,"std_dev":{"confidence_interval":{"confidence_level":0.95,"lower_bound":234301.7977979381,"upper_bound":244214.8884500967},"point_estimate":239464.10138057213,"standard_error":2524.555576667007}}