{"mean":{"confidence_interval":{"confidence_level":0.95,"lower_bound":-0.0102480988624585,"upper_bound":-0.00412753039974878},"point_estimate":-0.006979398381189994,"standard_error":0.00156060782074075},"median":{"confidence_interval":{"confidence_level":0.95,"lower_bound":-0.023788894447129172,"upper_bound":-0.006926444771140239},"point_estimate":-0.022907831892673314,"standard_error":0.00536711749920053}}