{"mean":{"confidence_interval":{"confidence_level":0.95,"lower_bound":304640.3060695655,"upper_bound":305720.54610434815},"point_estimate":305180.92343478254,"standard_error":274.7349655084331},"median":{"confidence_interval":{"confidence_level":0.95,"lower_bound":305171.06521739135,"upper_bound":305390.67391304346},"point_estimate":305306.14130434784,"standard_error":56.815693370461936},"median_abs_dev":{"confidence_interval":{"confidence_level":0.95,"lower_bound":10070.802049468408,"upper_bound":10876.61165326021},"point_estimate":10430.461464822336,"standard_error":201.25568844297578},"slope":null,"std_dev":{"confidence_interval":{"confidence_level":0.95,"lower_bound":8353.925995963467,"upper_bound":9041.812657220036},"point_estimate":8694.782620965821,"standard_error":174.81368108938256}}