{"mean":{"confidence_interval":{"confidence_level":0.95,"lower_bound":1246651.4520000007,"upper_bound":1253179.7771788451},"point_estimate":1249934.99530769,"standard_error":1666.7959353917493},"median":{"confidence_interval":{"confidence_level":0.95,"lower_bound":1273333.1923076925,"upper_bound":1277984.7692307692},"point_estimate":1275885.7307692308,"standard_error":1202.1644026697293},"median_abs_dev":{"confidence_interval":{"confidence_level":0.95,"lower_bound":27354.083560521893,"upper_bound":37700.40747683792},"point_estimate":32626.494182302427,"standard_error":2646.7727256471235},"slope":null,"std_dev":{"confidence_interval":{"confidence_level":0.95,"lower_bound":51081.95849743507,"upper_bound":54078.48712536601},"point_estimate":52635.422784313196,"standard_error":763.8811275039104}}