{"mean":{"confidence_interval":{"confidence_level":0.95,"lower_bound":0.01013490768330527,"upper_bound":0.017248172892779717},"point_estimate":0.01379618717701736,"standard_error":0.001813115272119601},"median":{"confidence_interval":{"confidence_level":0.95,"lower_bound":-0.018886593199442636,"upper_bound":-0.010492847877296312},"point_estimate":-0.01724141591439876,"standard_error":0.0022451171450795543}}