{"mean":{"confidence_interval":{"confidence_level":0.95,"lower_bound":0.026721031157707076,"upper_bound":0.03498470435165267},"point_estimate":0.030777608111101307,"standard_error":0.002095972526178915},"median":{"confidence_interval":{"confidence_level":0.95,"lower_bound":0.008595986054339987,"upper_bound":0.02082827167744059},"point_estimate":0.013994796164289669,"standard_error":0.0029406404376731807}}