{"mean":{"confidence_interval":{"confidence_level":0.95,"lower_bound":285495.0327115386,"upper_bound":286823.4741432693},"point_estimate":286157.41567307647,"standard_error":339.42631919704405},"median":{"confidence_interval":{"confidence_level":0.95,"lower_bound":286741.3846153846,"upper_bound":291495.0961538461},"point_estimate":289356.32692307694,"standard_error":1170.2531017454291},"median_abs_dev":{"confidence_interval":{"confidence_level":0.95,"lower_bound":10217.380485912925,"upper_bound":13764.820964952527},"point_estimate":13090.67349067102,"standard_error":971.2627655480305},"slope":null,"std_dev":{"confidence_interval":{"confidence_level":0.95,"lower_bound":10425.668334897242,"upper_bound":10946.700513707277},"point_estimate":10691.98288315822,"standard_error":132.57654679679544}}