{"mean":{"confidence_interval":{"confidence_level":0.95,"lower_bound":0.037554757734107325,"upper_bound":0.044702542793742896},"point_estimate":0.041182452145103854,"standard_error":0.0018203035239180382},"median":{"confidence_interval":{"confidence_level":0.95,"lower_bound":0.002664354274255265,"upper_bound":0.01939029017843987},"point_estimate":0.009894474665884667,"standard_error":0.004145277677391109}}