{"mean":{"confidence_interval":{"confidence_level":0.95,"lower_bound":-0.026827226318847385,"upper_bound":-0.014822169785225658},"point_estimate":-0.02067462163862044,"standard_error":0.003021774901050696},"median":{"confidence_interval":{"confidence_level":0.95,"lower_bound":0.0029962182692318097,"upper_bound":0.005348282839456819},"point_estimate":0.004033663066943083,"standard_error":0.000589625638504464}}