{"mean":{"confidence_interval":{"confidence_level":0.95,"lower_bound":22712606.418275,"upper_bound":22777405.375675},"point_estimate":22744872.884,"standard_error":16509.034427619863},"median":{"confidence_interval":{"confidence_level":0.95,"lower_bound":22633095.5,"upper_bound":22775391.0},"point_estimate":22709083.5,"standard_error":37394.3462536149},"median_abs_dev":{"confidence_interval":{"confidence_level":0.95,"lower_bound":594029.513758868,"upper_bound":665861.5936785936},"point_estimate":635107.2811245918,"standard_error":18407.18751040214},"slope":null,"std_dev":{"confidence_interval":{"confidence_level":0.95,"lower_bound":484350.4780782329,"upper_bound":573033.9992038403},"point_estimate":523000.0355567817,"standard_error":23105.761970370153}}