{"mean":{"confidence_interval":{"confidence_level":0.95,"lower_bound":0.05089069874200798,"upper_bound":0.058596985937808814},"point_estimate":0.0548615143793878,"standard_error":0.0019546083665430342},"median":{"confidence_interval":{"confidence_level":0.95,"lower_bound":0.03081758226811453,"upper_bound":0.05614682341462762},"point_estimate":0.0484357091124481,"standard_error":0.005780699542116996}}