{"mean":{"confidence_interval":{"confidence_level":0.95,"lower_bound":9028080.27815,"upper_bound":9090450.539},"point_estimate":9059611.744,"standard_error":15922.52860578689},"median":{"confidence_interval":{"confidence_level":0.95,"lower_bound":9234412.25,"upper_bound":9252023.5},"point_estimate":9244760.75,"standard_error":4449.914920857977},"median_abs_dev":{"confidence_interval":{"confidence_level":0.95,"lower_bound":91185.08748114109,"upper_bound":112919.63244527578},"point_estimate":101156.31360411644,"standard_error":5635.113511919746},"slope":null,"std_dev":{"confidence_interval":{"confidence_level":0.95,"lower_bound":468198.649123176,"upper_bound":537314.902479921},"point_estimate":504157.23325066466,"standard_error":17603.244737213714}}