{"mean":{"confidence_interval":{"confidence_level":0.95,"lower_bound":-0.011461803667831807,"upper_bound":-0.0065845420349346555},"point_estimate":-0.00903557259129173,"standard_error":0.0012432241995047088},"median":{"confidence_interval":{"confidence_level":0.95,"lower_bound":-0.026610624100362842,"upper_bound":-0.0055429201692219765},"point_estimate":-0.01721677154066681,"standard_error":0.00519817163292838}}