{"mean":{"confidence_interval":{"confidence_level":0.95,"lower_bound":-0.0315978711764525,"upper_bound":-0.025224948717519145},"point_estimate":-0.02849788807892073,"standard_error":0.0016284776325126064},"median":{"confidence_interval":{"confidence_level":0.95,"lower_bound":-0.05463934358695829,"upper_bound":-0.03245823889005384},"point_estimate":-0.045111025520176984,"standard_error":0.006115485704201866}}