{"mean":{"confidence_interval":{"confidence_level":0.95,"lower_bound":1176791.8827500008,"upper_bound":1185318.264997917},"point_estimate":1181060.562916667,"standard_error":2173.3479303248632},"median":{"confidence_interval":{"confidence_level":0.95,"lower_bound":1185796.375,"upper_bound":1192523.6666666667},"point_estimate":1189482.6666666665,"standard_error":1947.0161155484075},"median_abs_dev":{"confidence_interval":{"confidence_level":0.95,"lower_bound":78201.40353664773,"upper_bound":87327.3623496294},"point_estimate":85335.18040999747,"standard_error":2150.7484681702635},"slope":null,"std_dev":{"confidence_interval":{"confidence_level":0.95,"lower_bound":66590.62173508815,"upper_bound":71027.20062455616},"point_estimate":68839.69224807642,"standard_error":1130.4024767090586}}