{"mean":{"confidence_interval":{"confidence_level":0.95,"lower_bound":465141.49818583374,"upper_bound":466673.70927833393},"point_estimate":465908.9967333332,"standard_error":388.98972572154247},"median":{"confidence_interval":{"confidence_level":0.95,"lower_bound":469008.51666666666,"upper_bound":469973.9666666667},"point_estimate":469398.98333333334,"standard_error":231.37261735659757},"median_abs_dev":{"confidence_interval":{"confidence_level":0.95,"lower_bound":9219.345932073853,"upper_bound":10784.977681778375},"point_estimate":10177.702879309649,"standard_error":376.8359524494834},"slope":null,"std_dev":{"confidence_interval":{"confidence_level":0.95,"lower_bound":11847.463797347631,"upper_bound":12803.093262221539},"point_estimate":12336.960060412837,"standard_error":243.94465988291472}}