{"mean":{"confidence_interval":{"confidence_level":0.95,"lower_bound":0.005020618390430737,"upper_bound":0.010463754471163121},"point_estimate":0.0077487689266626525,"standard_error":0.0013911140272706817},"median":{"confidence_interval":{"confidence_level":0.95,"lower_bound":0.02279431084883843,"upper_bound":0.029502628581276783},"point_estimate":0.02661459016635659,"standard_error":0.001924407595320717}}