{"mean":{"confidence_interval":{"confidence_level":0.95,"lower_bound":2127091.4059428554,"upper_bound":2136497.3514392846},"point_estimate":2131816.079142857,"standard_error":2392.5156559087113},"median":{"confidence_interval":{"confidence_level":0.95,"lower_bound":2114723.1428571427,"upper_bound":2134751.0},"point_estimate":2124016.3571428573,"standard_error":5127.888597907627},"median_abs_dev":{"confidence_interval":{"confidence_level":0.95,"lower_bound":94040.86890294089,"upper_bound":109937.54144821834},"point_estimate":99340.55223635295,"standard_error":4497.475991690438},"slope":null,"std_dev":{"confidence_interval":{"confidence_level":0.95,"lower_bound":74057.0902131369,"upper_bound":77820.27390737073},"point_estimate":75965.85851203575,"standard_error":963.5844276983598}}