{"mean":{"confidence_interval":{"confidence_level":0.95,"lower_bound":0.028288997294542668,"upper_bound":0.032028540386238695},"point_estimate":0.030132976220005103,"standard_error":0.0009498655336391375},"median":{"confidence_interval":{"confidence_level":0.95,"lower_bound":0.024630703331895543,"upper_bound":0.030231572799357842},"point_estimate":0.02759851662734536,"standard_error":0.0014443873194860644}}