{"mean":{"confidence_interval":{"confidence_level":0.95,"lower_bound":22598973.698225,"upper_bound":22669269.394275002},"point_estimate":22634095.783,"standard_error":17964.6049039649},"median":{"confidence_interval":{"confidence_level":0.95,"lower_bound":22582072.5,"upper_bound":22650001.0},"point_estimate":22619152.0,"standard_error":17457.804931723476},"median_abs_dev":{"confidence_interval":{"confidence_level":0.95,"lower_bound":430179.3475627899,"upper_bound":505985.425516963},"point_estimate":468317.0079857111,"standard_error":19697.402593896917},"slope":null,"std_dev":{"confidence_interval":{"confidence_level":0.95,"lower_bound":533994.0737465407,"upper_bound":604994.1581243672},"point_estimate":568661.2035029096,"standard_error":18211.69134831155}}