{"mean":{"confidence_interval":{"confidence_level":0.95,"lower_bound":0.012675942625957549,"upper_bound":0.025542140604485387},"point_estimate":0.019179559776949073,"standard_error":0.003321778192531998},"median":{"confidence_interval":{"confidence_level":0.95,"lower_bound":-0.05824175847951896,"upper_bound":-0.049516272719070886},"point_estimate":-0.05363229654158441,"standard_error":0.0022122257266416145}}