{"mean":{"confidence_interval":{"confidence_level":0.95,"lower_bound":0.033073316568012365,"upper_bound":0.03890857682212926},"point_estimate":0.03591404952030586,"standard_error":0.0014930923080085355},"median":{"confidence_interval":{"confidence_level":0.95,"lower_bound":0.03589275155536753,"upper_bound":0.065121413080386},"point_estimate":0.05653918439755712,"standard_error":0.008218472135900977}}