{"mean":{"confidence_interval":{"confidence_level":0.95,"lower_bound":1.2226188326990894,"upper_bound":1.2354608700853336},"point_estimate":1.2290461163187976,"standard_error":0.003275750513618752},"median":{"confidence_interval":{"confidence_level":0.95,"lower_bound":1.164359372340353,"upper_bound":1.17104784873364},"point_estimate":1.1659466028524128,"standard_error":0.0017868268176351974}}