{"mean":{"confidence_interval":{"confidence_level":0.95,"lower_bound":-0.005687261172915731,"upper_bound":0.000642544728935806},"point_estimate":-0.002491338963658496,"standard_error":0.0016115659528828767},"median":{"confidence_interval":{"confidence_level":0.95,"lower_bound":0.02912910495209453,"upper_bound":0.035830651751713294},"point_estimate":0.03273766294513725,"standard_error":0.00180920198809803}}