{"mean":{"confidence_interval":{"confidence_level":0.95,"lower_bound":-0.013419067372774453,"upper_bound":-0.0060221611473834065},"point_estimate":-0.009726797275393273,"standard_error":0.0018997397030949541},"median":{"confidence_interval":{"confidence_level":0.95,"lower_bound":-0.04835305110807442,"upper_bound":-0.035927280182977306},"point_estimate":-0.04666148967616823,"standard_error":0.003324863411041483}}