{"mean":{"confidence_interval":{"confidence_level":0.95,"lower_bound":8394059.373275,"upper_bound":8431071.4196125},"point_estimate":8412485.7445,"standard_error":9462.169042309793},"median":{"confidence_interval":{"confidence_level":0.95,"lower_bound":8282847.5,"upper_bound":8319339.0},"point_estimate":8301870.5,"standard_error":8883.705465531282},"median_abs_dev":{"confidence_interval":{"confidence_level":0.95,"lower_bound":199676.45326003432,"upper_bound":253451.28093034026},"point_estimate":225165.05255252123,"standard_error":13770.438223907082},"slope":null,"std_dev":{"confidence_interval":{"confidence_level":0.95,"lower_bound":288295.4126144731,"upper_bound":309639.54585647513},"point_estimate":299160.0353023396,"standard_error":5446.248070595261}}