{"mean":{"confidence_interval":{"confidence_level":0.95,"lower_bound":30878370.2604,"upper_bound":30973739.022925},"point_estimate":30926021.813,"standard_error":24353.89138272882},"median":{"confidence_interval":{"confidence_level":0.95,"lower_bound":30910734.5,"upper_bound":31040616.0},"point_estimate":30980820.0,"standard_error":33372.89943138572},"median_abs_dev":{"confidence_interval":{"confidence_level":0.95,"lower_bound":665653.8628897816,"upper_bound":782409.6301044524},"point_estimate":717614.7109597921,"standard_error":30389.18335316802},"slope":null,"std_dev":{"confidence_interval":{"confidence_level":0.95,"lower_bound":724425.1434807433,"upper_bound":815373.7842922467},"point_estimate":769385.6113176431,"standard_error":23155.95910950987}}