{"mean":{"confidence_interval":{"confidence_level":0.95,"lower_bound":8416361.6179625,"upper_bound":8508990.1577},"point_estimate":8462746.4865,"standard_error":23663.610546550877},"median":{"confidence_interval":{"confidence_level":0.95,"lower_bound":8894118.0,"upper_bound":8986690.75},"point_estimate":8951895.75,"standard_error":51426.86666309989},"median_abs_dev":{"confidence_interval":{"confidence_level":0.95,"lower_bound":347679.7013774514,"upper_bound":842444.6064361181},"point_estimate":522668.3817207813,"standard_error":132420.59498420608},"slope":null,"std_dev":{"confidence_interval":{"confidence_level":0.95,"lower_bound":727632.3864078559,"upper_bound":766162.0211969663},"point_estimate":747423.8144694003,"standard_error":9820.175960810757}}