{"mean":{"confidence_interval":{"confidence_level":0.95,"lower_bound":236034.54088923088,"upper_bound":237210.71006153867},"point_estimate":236618.88987692297,"standard_error":299.7711739833058},"median":{"confidence_interval":{"confidence_level":0.95,"lower_bound":231858.3230769231,"upper_bound":232672.46923076923},"point_estimate":232265.0076923077,"standard_error":189.16349075845073},"median_abs_dev":{"confidence_interval":{"confidence_level":0.95,"lower_bound":6134.633743396177,"upper_bound":7811.967521309861},"point_estimate":6979.681514547417,"standard_error":423.15150970097574},"slope":null,"std_dev":{"confidence_interval":{"confidence_level":0.95,"lower_bound":9137.116887044296,"upper_bound":9860.664374695194},"point_estimate":9474.560845950826,"standard_error":184.18226377628824}}