{"mean":{"confidence_interval":{"confidence_level":0.95,"lower_bound":399107.3352499998,"upper_bound":401282.0191837835},"point_estimate":400191.556891892,"standard_error":552.686942912088},"median":{"confidence_interval":{"confidence_level":0.95,"lower_bound":404986.52702702704,"upper_bound":411256.6756756756},"point_estimate":408682.13513513515,"standard_error":1727.6301868211342},"median_abs_dev":{"confidence_interval":{"confidence_level":0.95,"lower_bound":13836.384289490177,"upper_bound":23853.59805908157},"point_estimate":18326.217923293225,"standard_error":2671.3092898251525},"slope":null,"std_dev":{"confidence_interval":{"confidence_level":0.95,"lower_bound":17002.13255105792,"upper_bound":17921.425710591455},"point_estimate":17442.008270364055,"standard_error":235.72963441757292}}