{"mean":{"confidence_interval":{"confidence_level":0.95,"lower_bound":0.012267299214869798,"upper_bound":0.018126490528687526},"point_estimate":0.0151876901420116,"standard_error":0.001495250512902787},"median":{"confidence_interval":{"confidence_level":0.95,"lower_bound":-0.0005069860048577679,"upper_bound":0.0035365710616024337},"point_estimate":0.0014479166627661133,"standard_error":0.0009708564721130739}}