{"mean":{"confidence_interval":{"confidence_level":0.95,"lower_bound":395629.8901428571,"upper_bound":397448.89371428546},"point_estimate":396535.4786571429,"standard_error":463.92246423969345},"median":{"confidence_interval":{"confidence_level":0.95,"lower_bound":402649.4857142857,"upper_bound":406784.2142857143},"point_estimate":406118.15714285715,"standard_error":990.0280325960005},"median_abs_dev":{"confidence_interval":{"confidence_level":0.95,"lower_bound":6424.460980443003,"upper_bound":13111.499947224278},"point_estimate":8861.75420267241,"standard_error":1559.747773295296},"slope":null,"std_dev":{"confidence_interval":{"confidence_level":0.95,"lower_bound":14322.111223951886,"upper_bound":15074.590676491192},"point_estimate":14702.45696175085,"standard_error":191.76975517474304}}