{"mean":{"confidence_interval":{"confidence_level":0.95,"lower_bound":23258327.577825,"upper_bound":23334998.662},"point_estimate":23296494.399,"standard_error":19574.27004784643},"median":{"confidence_interval":{"confidence_level":0.95,"lower_bound":23032352.0,"upper_bound":23088624.0},"point_estimate":23055294.5,"standard_error":14696.293887704396},"median_abs_dev":{"confidence_interval":{"confidence_level":0.95,"lower_bound":362275.95371581614,"upper_bound":462634.20228660107},"point_estimate":401662.2783690691,"standard_error":25700.959685083886},"slope":null,"std_dev":{"confidence_interval":{"confidence_level":0.95,"lower_bound":590639.4928316796,"upper_bound":651474.6351248365},"point_estimate":620688.9292454167,"standard_error":15522.534136910064}}