{"mean":{"confidence_interval":{"confidence_level":0.95,"lower_bound":301874.78279634146,"upper_bound":303108.8645121953},"point_estimate":302489.305292683,"standard_error":315.0092464049022},"median":{"confidence_interval":{"confidence_level":0.95,"lower_bound":302883.89024390245,"upper_bound":308062.26829268294},"point_estimate":303333.4756097561,"standard_error":1531.9815070077595},"median_abs_dev":{"confidence_interval":{"confidence_level":0.95,"lower_bound":8728.60845967027,"upper_bound":12951.722162743901},"point_estimate":12371.193870611316,"standard_error":1048.7026924073912},"slope":null,"std_dev":{"confidence_interval":{"confidence_level":0.95,"lower_bound":9596.877968408253,"upper_bound":10407.578874097411},"point_estimate":9964.298619760066,"standard_error":207.34470171166754}}