{"mean":{"confidence_interval":{"confidence_level":0.95,"lower_bound":290905.1677794117,"upper_bound":292433.782029412},"point_estimate":291665.14394117624,"standard_error":389.64222705721846},"median":{"confidence_interval":{"confidence_level":0.95,"lower_bound":293364.137254902,"upper_bound":295660.57843137253},"point_estimate":295359.60784313723,"standard_error":633.5735446498792},"median_abs_dev":{"confidence_interval":{"confidence_level":0.95,"lower_bound":17381.144509070087,"upper_bound":19238.36188462724},"point_estimate":18394.298096965373,"standard_error":464.67166630871355},"slope":null,"std_dev":{"confidence_interval":{"confidence_level":0.95,"lower_bound":12017.632948494256,"upper_bound":12567.209437112559},"point_estimate":12297.132968905615,"standard_error":140.29415436986815}}