{"mean":{"confidence_interval":{"confidence_level":0.95,"lower_bound":0.05894978679998019,"upper_bound":0.06380542205864356},"point_estimate":0.06132943512745981,"standard_error":0.0012417164792572876},"median":{"confidence_interval":{"confidence_level":0.95,"lower_bound":0.0453110294263329,"upper_bound":0.048320102916417695},"point_estimate":0.046906837840717364,"standard_error":0.0007912225143236011}}