{"mean":{"confidence_interval":{"confidence_level":0.95,"lower_bound":-0.055415661566606295,"upper_bound":-0.04247329025852227},"point_estimate":-0.04905714903227976,"standard_error":0.003349853748131845},"median":{"confidence_interval":{"confidence_level":0.95,"lower_bound":-0.13439610977911243,"upper_bound":-0.1298803148060922},"point_estimate":-0.13252646911387078,"standard_error":0.0011456207051899396}}