{"mean":{"confidence_interval":{"confidence_level":0.95,"lower_bound":13988796.103875,"upper_bound":14036555.8372},"point_estimate":14012829.998,"standard_error":12174.687252804897},"median":{"confidence_interval":{"confidence_level":0.95,"lower_bound":14061527.0,"upper_bound":14108688.0},"point_estimate":14085953.5,"standard_error":10879.176363862185},"median_abs_dev":{"confidence_interval":{"confidence_level":0.95,"lower_bound":284952.7497410774,"upper_bound":355628.45727883274},"point_estimate":317796.7869579792,"standard_error":17884.021615611764},"slope":null,"std_dev":{"confidence_interval":{"confidence_level":0.95,"lower_bound":347736.78009934124,"upper_bound":419736.913245709},"point_estimate":383791.87217743375,"standard_error":18364.540159436325}}