{"mean":{"confidence_interval":{"confidence_level":0.95,"lower_bound":0.04240098254886887,"upper_bound":0.049692689154063},"point_estimate":0.04595330103472062,"standard_error":0.0018655095861296756},"median":{"confidence_interval":{"confidence_level":0.95,"lower_bound":0.052622816973977686,"upper_bound":0.06278822526035382},"point_estimate":0.05533812621929024,"standard_error":0.0025331885277012933}}