{"mean":{"confidence_interval":{"confidence_level":0.95,"lower_bound":0.034096442175022515,"upper_bound":0.03827541126550663},"point_estimate":0.03620759468095436,"standard_error":0.0010644478195834988},"median":{"confidence_interval":{"confidence_level":0.95,"lower_bound":0.023756560153649,"upper_bound":0.04382846758788039},"point_estimate":0.0382285863619225,"standard_error":0.005810740231523965}}