{"mean":{"confidence_interval":{"confidence_level":0.95,"lower_bound":423498.6077999995,"upper_bound":425619.55946928525},"point_estimate":424564.13491428614,"standard_error":540.9329861454156},"median":{"confidence_interval":{"confidence_level":0.95,"lower_bound":429208.64285714284,"upper_bound":434832.5714285714},"point_estimate":432122.7571428571,"standard_error":1550.072726285029},"median_abs_dev":{"confidence_interval":{"confidence_level":0.95,"lower_bound":7350.4537410033745,"upper_bound":13088.290374136452},"point_estimate":9619.405149221437,"standard_error":1589.5489819248787},"slope":null,"std_dev":{"confidence_interval":{"confidence_level":0.95,"lower_bound":16439.0692437113,"upper_bound":17654.960581553194},"point_estimate":17072.47556921318,"standard_error":310.2768676343955}}