{"mean":{"confidence_interval":{"confidence_level":0.95,"lower_bound":0.015462188683143285,"upper_bound":0.0198625623457653},"point_estimate":0.01768935718621001,"standard_error":0.001122167232658556},"median":{"confidence_interval":{"confidence_level":0.95,"lower_bound":0.02148273880923668,"upper_bound":0.02379898230172604},"point_estimate":0.022625095089868985,"standard_error":0.0005870827241838834}}