{"mean":{"confidence_interval":{"confidence_level":0.95,"lower_bound":-0.032803958210103804,"upper_bound":-0.026842115830640955},"point_estimate":-0.029818950344858597,"standard_error":0.0015264674587662805},"median":{"confidence_interval":{"confidence_level":0.95,"lower_bound":-0.05148422730003381,"upper_bound":-0.041540788261906644},"point_estimate":-0.04980101524907221,"standard_error":0.0024520862258621766}}