{"mean":{"confidence_interval":{"confidence_level":0.95,"lower_bound":7934829.7134125,"upper_bound":8011997.5435625},"point_estimate":7972708.11,"standard_error":19661.460281457104},"median":{"confidence_interval":{"confidence_level":0.95,"lower_bound":7704393.25,"upper_bound":7762198.0},"point_estimate":7716272.5,"standard_error":14567.06852674886},"median_abs_dev":{"confidence_interval":{"confidence_level":0.95,"lower_bound":219915.87954696268,"upper_bound":284140.5722092464},"point_estimate":238971.39415740967,"standard_error":14992.905598801874},"slope":null,"std_dev":{"confidence_interval":{"confidence_level":0.95,"lower_bound":566902.6526580751,"upper_bound":678387.7836980333},"point_estimate":623173.3881881061,"standard_error":28455.561656126378}}