{"mean":{"confidence_interval":{"confidence_level":0.95,"lower_bound":0.6151836033568555,"upper_bound":0.6248731650108951},"point_estimate":0.6201294064293748,"standard_error":0.002488132403882442},"median":{"confidence_interval":{"confidence_level":0.95,"lower_bound":0.627942950163537,"upper_bound":0.6610888616697455},"point_estimate":0.6535130499718935,"standard_error":0.007847560316815019}}