{"mean":{"confidence_interval":{"confidence_level":0.95,"lower_bound":946727.3980000013,"upper_bound":950601.6159392853},"point_estimate":948644.6582857135,"standard_error":987.0275023932693},"median":{"confidence_interval":{"confidence_level":0.95,"lower_bound":933234.8928571428,"upper_bound":935735.857142857},"point_estimate":933385.9285714286,"standard_error":871.8373022052336},"median_abs_dev":{"confidence_interval":{"confidence_level":0.95,"lower_bound":18251.508587221037,"upper_bound":26933.9714455763},"point_estimate":20870.29507947827,"standard_error":2087.908012235755},"slope":null,"std_dev":{"confidence_interval":{"confidence_level":0.95,"lower_bound":30397.77838966393,"upper_bound":32313.249533903974},"point_estimate":31389.766775944267,"standard_error":487.450317670616}}