{"mean":{"confidence_interval":{"confidence_level":0.95,"lower_bound":0.0787172239221255,"upper_bound":0.08677638018742141},"point_estimate":0.08270716325064997,"standard_error":0.002054772115320531},"median":{"confidence_interval":{"confidence_level":0.95,"lower_bound":0.05700540772569651,"upper_bound":0.06146744285856642},"point_estimate":0.05885002022705521,"standard_error":0.0011948927292103608}}