{"mean":{"confidence_interval":{"confidence_level":0.95,"lower_bound":383891.1761659088,"upper_bound":385537.56969696976},"point_estimate":384711.2069090908,"standard_error":417.0535350395013},"median":{"confidence_interval":{"confidence_level":0.95,"lower_bound":385790.7272727273,"upper_bound":386014.5606060606},"point_estimate":385893.0606060606,"standard_error":216.22377154630942},"median_abs_dev":{"confidence_interval":{"confidence_level":0.95,"lower_bound":16007.609452171737,"upper_bound":17833.745810660435},"point_estimate":16820.36626501518,"standard_error":465.0956206175488},"slope":null,"std_dev":{"confidence_interval":{"confidence_level":0.95,"lower_bound":12745.863650413925,"upper_bound":13575.134575038932},"point_estimate":13164.649985200173,"standard_error":210.40232614644634}}