{"mean":{"confidence_interval":{"confidence_level":0.95,"lower_bound":0.0028240150050819536,"upper_bound":0.006740471755305465},"point_estimate":0.0047802812317705445,"standard_error":0.001000411888410519},"median":{"confidence_interval":{"confidence_level":0.95,"lower_bound":-0.0005776150768999397,"upper_bound":0.0041760486022695},"point_estimate":0.001877136321745576,"standard_error":0.0012572473624120131}}