{"mean":{"confidence_interval":{"confidence_level":0.95,"lower_bound":0.010022340585672395,"upper_bound":0.016244232396014406},"point_estimate":0.013029022506938936,"standard_error":0.0015797131022270614},"median":{"confidence_interval":{"confidence_level":0.95,"lower_bound":0.005656815506376978,"upper_bound":0.03299640590256458},"point_estimate":0.01208029078703543,"standard_error":0.007087115187775917}}