{"mean":{"confidence_interval":{"confidence_level":0.95,"lower_bound":248654.84299364418,"upper_bound":249488.99868008477},"point_estimate":249072.32083050834,"standard_error":213.4856618557194},"median":{"confidence_interval":{"confidence_level":0.95,"lower_bound":252134.64406779662,"upper_bound":252483.76271186443},"point_estimate":252337.15254237287,"standard_error":82.96051516171707},"median_abs_dev":{"confidence_interval":{"confidence_level":0.95,"lower_bound":2062.2327990236126,"upper_bound":2584.222011748014},"point_estimate":2291.622111857943,"standard_error":129.1805439738743},"slope":null,"std_dev":{"confidence_interval":{"confidence_level":0.95,"lower_bound":6418.826006861912,"upper_bound":7080.021079803833},"point_estimate":6752.340709482279,"standard_error":168.2833068895197}}