{"mean":{"confidence_interval":{"confidence_level":0.95,"lower_bound":246865.56025129333,"upper_bound":247889.69840474165},"point_estimate":247373.55975862095,"standard_error":261.0221065424989},"median":{"confidence_interval":{"confidence_level":0.95,"lower_bound":242477.4396551724,"upper_bound":243135.49137931035},"point_estimate":242808.25862068965,"standard_error":173.97291717675188},"median_abs_dev":{"confidence_interval":{"confidence_level":0.95,"lower_bound":3141.252303714383,"upper_bound":4244.146921203048},"point_estimate":3679.9792881155686,"standard_error":280.5114857906636},"slope":null,"std_dev":{"confidence_interval":{"confidence_level":0.95,"lower_bound":8017.676132790477,"upper_bound":8500.40901132528},"point_estimate":8269.318448519418,"standard_error":123.13087069428217}}