{"mean":{"confidence_interval":{"confidence_level":0.95,"lower_bound":233314.27050273438,"upper_bound":234544.58345078124},"point_estimate":233927.07003125,"standard_error":314.17243491693597},"median":{"confidence_interval":{"confidence_level":0.95,"lower_bound":230999.4375,"upper_bound":237814.6875},"point_estimate":235410.34375,"standard_error":2017.2888202165873},"median_abs_dev":{"confidence_interval":{"confidence_level":0.95,"lower_bound":11965.890645375475,"upper_bound":14984.116707416251},"point_estimate":14702.50379210338,"standard_error":821.4433998228825},"slope":null,"std_dev":{"confidence_interval":{"confidence_level":0.95,"lower_bound":9728.98971091717,"upper_bound":10091.632261271594},"point_estimate":9909.691343026208,"standard_error":92.65601914954739}}