{"mean":{"confidence_interval":{"confidence_level":0.95,"lower_bound":-0.020501327521978224,"upper_bound":-0.016025707439796255},"point_estimate":-0.018311036540389236,"standard_error":0.0011462481508504332},"median":{"confidence_interval":{"confidence_level":0.95,"lower_bound":-0.028045799473049415,"upper_bound":-0.024298147326746955},"point_estimate":-0.02647995588792329,"standard_error":0.0009393749119934268}}