{"mean":{"confidence_interval":{"confidence_level":0.95,"lower_bound":7731641.51155,"upper_bound":7760945.7984875},"point_estimate":7746197.9495,"standard_error":7510.53931973571},"median":{"confidence_interval":{"confidence_level":0.95,"lower_bound":7747320.25,"upper_bound":7759849.75},"point_estimate":7754851.5,"standard_error":3515.2522296076627},"median_abs_dev":{"confidence_interval":{"confidence_level":0.95,"lower_bound":292796.0742518306,"upper_bound":335150.24899989367},"point_estimate":318454.6906962991,"standard_error":11133.933748701977},"slope":null,"std_dev":{"confidence_interval":{"confidence_level":0.95,"lower_bound":228160.2219503061,"upper_bound":247832.19998662354},"point_estimate":238065.71691305752,"standard_error":5021.170548849894}}