{"mean":{"confidence_interval":{"confidence_level":0.95,"lower_bound":322505.5353695652,"upper_bound":324045.3454000001},"point_estimate":323281.57721739204,"standard_error":392.2413955854593},"median":{"confidence_interval":{"confidence_level":0.95,"lower_bound":329369.2826086957,"upper_bound":330737.25},"point_estimate":330117.44565217395,"standard_error":425.69307444825506},"median_abs_dev":{"confidence_interval":{"confidence_level":0.95,"lower_bound":8616.12974703312,"upper_bound":11649.609869265028},"point_estimate":10185.010593092926,"standard_error":812.8655522511388},"slope":null,"std_dev":{"confidence_interval":{"confidence_level":0.95,"lower_bound":12123.410331149676,"upper_bound":12696.027700702689},"point_estimate":12408.391106393305,"standard_error":145.28069415258696}}