{"mean":{"confidence_interval":{"confidence_level":0.95,"lower_bound":0.41683314179499464,"upper_bound":0.4267043666194216},"point_estimate":0.42185453521264415,"standard_error":0.002508822912165867},"median":{"confidence_interval":{"confidence_level":0.95,"lower_bound":0.42886373766078867,"upper_bound":0.46207400565770357},"point_estimate":0.4417891886996601,"standard_error":0.008138709320722316}}