{"mean":{"confidence_interval":{"confidence_level":0.95,"lower_bound":1255980.8713333337,"upper_bound":1260878.8599750008},"point_estimate":1258419.3664166683,"standard_error":1247.8262990336564},"median":{"confidence_interval":{"confidence_level":0.95,"lower_bound":1230702.1666666665,"upper_bound":1239102.5833333335},"point_estimate":1233095.0416666667,"standard_error":2112.872966306602},"median_abs_dev":{"confidence_interval":{"confidence_level":0.95,"lower_bound":14292.251391261656,"upper_bound":49072.83907253306},"point_estimate":33014.72153887153,"standard_error":8112.901891906261},"slope":null,"std_dev":{"confidence_interval":{"confidence_level":0.95,"lower_bound":38436.03424929745,"upper_bound":40513.77788833285},"point_estimate":39444.79314926909,"standard_error":529.7448373639639}}