{"mean":{"confidence_interval":{"confidence_level":0.95,"lower_bound":0.007280986403819245,"upper_bound":0.016683997917290715},"point_estimate":0.011913068029794527,"standard_error":0.002402057426295166},"median":{"confidence_interval":{"confidence_level":0.95,"lower_bound":-0.021789017106796593,"upper_bound":-0.015903454681943586},"point_estimate":-0.019193182862689673,"standard_error":0.0016692966056791898}}