{"mean":{"confidence_interval":{"confidence_level":0.95,"lower_bound":237984.77420634928,"upper_bound":239144.48968253995},"point_estimate":238568.6522063492,"standard_error":297.10926014358506},"median":{"confidence_interval":{"confidence_level":0.95,"lower_bound":241302.09523809524,"upper_bound":242675.3650793651},"point_estimate":242103.7619047619,"standard_error":323.87172089898314},"median_abs_dev":{"confidence_interval":{"confidence_level":0.95,"lower_bound":8349.167618439335,"upper_bound":10670.203469732667},"point_estimate":9359.594800500676,"standard_error":543.5095129517986},"slope":null,"std_dev":{"confidence_interval":{"confidence_level":0.95,"lower_bound":9111.451908376996,"upper_bound":9615.900129575251},"point_estimate":9373.080650696485,"standard_error":128.1949006064346}}