{"mean":{"confidence_interval":{"confidence_level":0.95,"lower_bound":2107614.5114607117,"upper_bound":2117005.7077857186},"point_estimate":2112272.5122857145,"standard_error":2402.1730342096917},"median":{"confidence_interval":{"confidence_level":0.95,"lower_bound":2068279.9285714286,"upper_bound":2072733.5},"point_estimate":2069711.3571428573,"standard_error":1151.3674582214658},"median_abs_dev":{"confidence_interval":{"confidence_level":0.95,"lower_bound":24886.605458174385,"upper_bound":34568.64251378379},"point_estimate":28508.173593878746,"standard_error":2546.4278161684724},"slope":null,"std_dev":{"confidence_interval":{"confidence_level":0.95,"lower_bound":72822.36474503124,"upper_bound":78568.0794599521},"point_estimate":75755.46812352237,"standard_error":1463.5830156364423}}