{"mean":{"confidence_interval":{"confidence_level":0.95,"lower_bound":0.11536711330689425,"upper_bound":0.12339251900975445},"point_estimate":0.1193820691329015,"standard_error":0.0020424429414258012},"median":{"confidence_interval":{"confidence_level":0.95,"lower_bound":0.09002512110277318,"upper_bound":0.11083389884483719},"point_estimate":0.09276114714502115,"standard_error":0.006195838615092661}}