{"mean":{"confidence_interval":{"confidence_level":0.95,"lower_bound":22191313.046499997,"upper_bound":22286331.77175},"point_estimate":22238629.506,"standard_error":24226.87527399116},"median":{"confidence_interval":{"confidence_level":0.95,"lower_bound":21922579.5,"upper_bound":22006553.0},"point_estimate":21962137.5,"standard_error":20676.45071664697},"median_abs_dev":{"confidence_interval":{"confidence_level":0.95,"lower_bound":560762.305444479,"upper_bound":728294.6198701859},"point_estimate":639111.0423535109,"standard_error":43034.57379413436},"slope":null,"std_dev":{"confidence_interval":{"confidence_level":0.95,"lower_bound":738033.2760331793,"upper_bound":791478.6505779598},"point_estimate":765012.3960722899,"standard_error":13620.094094476884}}