{"mean":{"confidence_interval":{"confidence_level":0.95,"lower_bound":-0.010700283439536844,"upper_bound":-0.0045799482101302955},"point_estimate":-0.007723161830431202,"standard_error":0.0015644159582654056},"median":{"confidence_interval":{"confidence_level":0.95,"lower_bound":0.026584461124602,"upper_bound":0.03217866252399104},"point_estimate":0.02963422101264146,"standard_error":0.0014676099814876827}}