{"mean":{"confidence_interval":{"confidence_level":0.95,"lower_bound":-0.022921723935608998,"upper_bound":-0.01624291507735746},"point_estimate":-0.019685788899403867,"standard_error":0.00169747397903454},"median":{"confidence_interval":{"confidence_level":0.95,"lower_bound":-0.020618746352782623,"upper_bound":-0.00877483751210367},"point_estimate":-0.013756479825799195,"standard_error":0.002802160120159644}}