{"mean":{"confidence_interval":{"confidence_level":0.95,"lower_bound":317471.30161304324,"upper_bound":318856.64251304406},"point_estimate":318162.5386086955,"standard_error":354.4473132677269},"median":{"confidence_interval":{"confidence_level":0.95,"lower_bound":312329.02173913043,"upper_bound":315113.1521739131},"point_estimate":313215.7717391305,"standard_error":771.4153883768548},"median_abs_dev":{"confidence_interval":{"confidence_level":0.95,"lower_bound":6536.928320902872,"upper_bound":10535.162030354772},"point_estimate":7678.272457161775,"standard_error":1098.4259187645357},"slope":null,"std_dev":{"confidence_interval":{"confidence_level":0.95,"lower_bound":10795.026385232668,"upper_bound":11687.364805142184},"point_estimate":11210.907736289788,"standard_error":228.5559484571687}}