{"mean":{"confidence_interval":{"confidence_level":0.95,"lower_bound":-0.036783346228505584,"upper_bound":-0.03124491494500378},"point_estimate":-0.034023684276446864,"standard_error":0.0014072823054390746},"median":{"confidence_interval":{"confidence_level":0.95,"lower_bound":-0.051094421574101156,"upper_bound":-0.023935668870244342},"point_estimate":-0.04136338361319858,"standard_error":0.006819124599471445}}