{"mean":{"confidence_interval":{"confidence_level":0.95,"lower_bound":0.03429231604648342,"upper_bound":0.041069931750694844},"point_estimate":0.037567285756545,"standard_error":0.001728241270680677},"median":{"confidence_interval":{"confidence_level":0.95,"lower_bound":0.027985376343800095,"upper_bound":0.04027811101100354},"point_estimate":0.03465484547502551,"standard_error":0.003150982627478267}}