{"mean":{"confidence_interval":{"confidence_level":0.95,"lower_bound":235971.856796875,"upper_bound":237291.59046875},"point_estimate":236632.255265625,"standard_error":337.44071306253096},"median":{"confidence_interval":{"confidence_level":0.95,"lower_bound":231269.3515625,"upper_bound":240064.234375},"point_estimate":236485.625,"standard_error":2695.4345009627987},"median_abs_dev":{"confidence_interval":{"confidence_level":0.95,"lower_bound":12705.99760254845,"upper_bound":16329.564600717276},"point_estimate":15584.558113943785,"standard_error":975.1134307178878},"slope":null,"std_dev":{"confidence_interval":{"confidence_level":0.95,"lower_bound":10489.383953491686,"upper_bound":10916.255001098316},"point_estimate":10703.057828004561,"standard_error":109.07687237351386}}