{"mean":{"confidence_interval":{"confidence_level":0.95,"lower_bound":-0.04004922585996704,"upper_bound":-0.03514799178226037},"point_estimate":-0.03754972232630116,"standard_error":0.0012489211562703897},"median":{"confidence_interval":{"confidence_level":0.95,"lower_bound":-0.047213551221193195,"upper_bound":-0.03908155408338876},"point_estimate":-0.04435792943694805,"standard_error":0.00215919877061378}}