{"mean":{"confidence_interval":{"confidence_level":0.95,"lower_bound":629328.1455,"upper_bound":632392.0128500002},"point_estimate":630867.3100833333,"standard_error":781.1485450952224},"median":{"confidence_interval":{"confidence_level":0.95,"lower_bound":619977.1458333333,"upper_bound":635276.2083333334},"point_estimate":624466.6041666667,"standard_error":3452.779246540721},"median_abs_dev":{"confidence_interval":{"confidence_level":0.95,"lower_bound":32167.16160423128,"upper_bound":38640.881108362344},"point_estimate":36961.83509379611,"standard_error":1845.1427809844122},"slope":null,"std_dev":{"confidence_interval":{"confidence_level":0.95,"lower_bound":23995.256924971163,"upper_bound":25521.476762766782},"point_estimate":24738.78732578374,"standard_error":388.6886364624531}}