{"mean":{"confidence_interval":{"confidence_level":0.95,"lower_bound":-0.05923565044325918,"upper_bound":-0.05254102801508336},"point_estimate":-0.05588735761392516,"standard_error":0.0017103708139266363},"median":{"confidence_interval":{"confidence_level":0.95,"lower_bound":-0.08189288880144785,"upper_bound":-0.06318663950674393},"point_estimate":-0.0736139289541512,"standard_error":0.005060805251424673}}