{"mean":{"confidence_interval":{"confidence_level":0.95,"lower_bound":0.037398859003675976,"upper_bound":0.041803639733859824},"point_estimate":0.03967365263227829,"standard_error":0.00112155206211955},"median":{"confidence_interval":{"confidence_level":0.95,"lower_bound":0.03435405016654194,"upper_bound":0.041344681925467475},"point_estimate":0.03732297973908705,"standard_error":0.0017799097788221221}}