{"mean":{"confidence_interval":{"confidence_level":0.95,"lower_bound":-0.004826595223152208,"upper_bound":0.00249223783262623},"point_estimate":-0.0013856524307940266,"standard_error":0.0018739438856410816},"median":{"confidence_interval":{"confidence_level":0.95,"lower_bound":-0.03321676717253297,"upper_bound":-0.027611438776906756},"point_estimate":-0.03111619103267982,"standard_error":0.001406969982801332}}