{"mean":{"confidence_interval":{"confidence_level":0.95,"lower_bound":0.020775623778506665,"upper_bound":0.028104437547840304},"point_estimate":0.02441743325219692,"standard_error":0.0018671049201890572},"median":{"confidence_interval":{"confidence_level":0.95,"lower_bound":-0.005991539995963233,"upper_bound":0.01682387709236142},"point_estimate":0.004105299564128417,"standard_error":0.006320336984867755}}