{"mean":{"confidence_interval":{"confidence_level":0.95,"lower_bound":239879.96616150785,"upper_bound":240993.20084166666},"point_estimate":240437.24568253965,"standard_error":283.6454368444406},"median":{"confidence_interval":{"confidence_level":0.95,"lower_bound":236888.1666666667,"upper_bound":243596.69047619047},"point_estimate":238833.69047619047,"standard_error":1875.9916029867973},"median_abs_dev":{"confidence_interval":{"confidence_level":0.95,"lower_bound":11108.733302780554,"upper_bound":13419.530095089041},"point_estimate":13220.202765294485,"standard_error":677.2319586279546},"slope":null,"std_dev":{"confidence_interval":{"confidence_level":0.95,"lower_bound":8700.689697638587,"upper_bound":9164.28402367921},"point_estimate":8928.67116152725,"standard_error":117.99189033006535}}