{"mean":{"confidence_interval":{"confidence_level":0.95,"lower_bound":-0.017910892374338336,"upper_bound":-0.011656924145253962},"point_estimate":-0.014776155791433099,"standard_error":0.0015832400847357005},"median":{"confidence_interval":{"confidence_level":0.95,"lower_bound":-0.04998520294395826,"upper_bound":-0.0427422225237204},"point_estimate":-0.047422171688409454,"standard_error":0.0019471076126336435}}