{"mean":{"confidence_interval":{"confidence_level":0.95,"lower_bound":0.02124783196594898,"upper_bound":0.028912191455304742},"point_estimate":0.025135429551202515,"standard_error":0.0019492385511192928},"median":{"confidence_interval":{"confidence_level":0.95,"lower_bound":-0.010821956174850489,"upper_bound":0.043845918401785644},"point_estimate":0.017673195160917254,"standard_error":0.014013845704702122}}