{"mean":{"confidence_interval":{"confidence_level":0.95,"lower_bound":8557996.496612499,"upper_bound":8589799.6764875},"point_estimate":8573947.3855,"standard_error":8130.2932889484955},"median":{"confidence_interval":{"confidence_level":0.95,"lower_bound":8651020.75,"upper_bound":8677825.5},"point_estimate":8665144.0,"standard_error":7112.6961539580725},"median_abs_dev":{"confidence_interval":{"confidence_level":0.95,"lower_bound":156698.5579692945,"upper_bound":200082.19454158095},"point_estimate":175896.40217721462,"standard_error":10578.171444763162},"slope":null,"std_dev":{"confidence_interval":{"confidence_level":0.95,"lower_bound":246330.83339628423,"upper_bound":271616.32418953534},"point_estimate":258354.8924533338,"standard_error":6475.1082956449045}}