{"mean":{"confidence_interval":{"confidence_level":0.95,"lower_bound":699493.5944460533,"upper_bound":703055.3432802625},"point_estimate":701254.7157368414,"standard_error":908.3046393281618},"median":{"confidence_interval":{"confidence_level":0.95,"lower_bound":687601.1092105263,"upper_bound":698956.0789473684},"point_estimate":691000.3421052631,"standard_error":2370.2232812546913},"median_abs_dev":{"confidence_interval":{"confidence_level":0.95,"lower_bound":25559.360277809657,"upper_bound":35756.688749139226},"point_estimate":30412.53424428008,"standard_error":2358.0311096465734},"slope":null,"std_dev":{"confidence_interval":{"confidence_level":0.95,"lower_bound":27346.316836633498,"upper_bound":30447.059736681225},"point_estimate":28807.03251595925,"standard_error":793.4167137474279}}