{"mean":{"confidence_interval":{"confidence_level":0.95,"lower_bound":0.005542315113676202,"upper_bound":0.01208720771365247},"point_estimate":0.008925122478388836,"standard_error":0.0016683385704190333},"median":{"confidence_interval":{"confidence_level":0.95,"lower_bound":0.006423202327837366,"upper_bound":0.03747980174123485},"point_estimate":0.02256636620684449,"standard_error":0.007758263216626647}}