{"mean":{"confidence_interval":{"confidence_level":0.95,"lower_bound":3003418.795585,"upper_bound":3016710.151955002},"point_estimate":3010058.6417999985,"standard_error":3400.7066065105764},"median":{"confidence_interval":{"confidence_level":0.95,"lower_bound":2974857.5,"upper_bound":3038094.0999999996},"point_estimate":3022419.3,"standard_error":14996.461361309373},"median_abs_dev":{"confidence_interval":{"confidence_level":0.95,"lower_bound":134323.85413527483,"upper_bound":151730.02631275356},"point_estimate":146994.89481031854,"standard_error":4227.016425770595},"slope":null,"std_dev":{"confidence_interval":{"confidence_level":0.95,"lower_bound":103371.60630773791,"upper_bound":113529.28992154046},"point_estimate":107792.840814206,"standard_error":2637.487955178392}}