{"mean":{"confidence_interval":{"confidence_level":0.95,"lower_bound":-0.006941362888319321,"upper_bound":-0.0028160409354559693},"point_estimate":-0.004870420756579619,"standard_error":0.001054544995044523},"median":{"confidence_interval":{"confidence_level":0.95,"lower_bound":-0.0073063852649300955,"upper_bound":-0.00013498688709360856},"point_estimate":-0.003960155415342892,"standard_error":0.001833804231789073}}