{"mean":{"confidence_interval":{"confidence_level":0.95,"lower_bound":228761.5194359375,"upper_bound":229896.5515625},"point_estimate":229326.192796875,"standard_error":290.1241131872823},"median":{"confidence_interval":{"confidence_level":0.95,"lower_bound":229167.234375,"upper_bound":234525.421875},"point_estimate":232359.1875,"standard_error":1292.3505245868835},"median_abs_dev":{"confidence_interval":{"confidence_level":0.95,"lower_bound":8542.237775141843,"upper_bound":12572.992168972269},"point_estimate":10397.207210725173,"standard_error":968.1854279397288},"slope":null,"std_dev":{"confidence_interval":{"confidence_level":0.95,"lower_bound":8993.692856093196,"upper_bound":9471.873083897945},"point_estimate":9229.02433455829,"standard_error":122.8581830181266}}