{"mean":{"confidence_interval":{"confidence_level":0.95,"lower_bound":329302.709472159,"upper_bound":330934.9231818177},"point_estimate":330115.04161363613,"standard_error":417.92400015452995},"median":{"confidence_interval":{"confidence_level":0.95,"lower_bound":323487.6022727273,"upper_bound":325621.86363636365},"point_estimate":324070.21590909094,"standard_error":543.9655721084606},"median_abs_dev":{"confidence_interval":{"confidence_level":0.95,"lower_bound":13379.622797293796,"upper_bound":17497.736288273547},"point_estimate":14887.493940239678,"standard_error":1041.1690241693639},"slope":null,"std_dev":{"confidence_interval":{"confidence_level":0.95,"lower_bound":12815.261825355634,"upper_bound":13714.010872126555},"point_estimate":13239.340643965967,"standard_error":231.0871623527087}}