{"mean":{"confidence_interval":{"confidence_level":0.95,"lower_bound":316557.53775555553,"upper_bound":318062.412963889},"point_estimate":317301.05744444526,"standard_error":383.6339156873747},"median":{"confidence_interval":{"confidence_level":0.95,"lower_bound":312036.5111111111,"upper_bound":313365.3333333334},"point_estimate":312820.3666666667,"standard_error":337.75592683780786},"median_abs_dev":{"confidence_interval":{"confidence_level":0.95,"lower_bound":7453.7713676691055,"upper_bound":9396.13094701867},"point_estimate":8505.840782324536,"standard_error":508.93381857355456},"slope":null,"std_dev":{"confidence_interval":{"confidence_level":0.95,"lower_bound":11582.62492566575,"upper_bound":12755.305772046446},"point_estimate":12149.671507585934,"standard_error":298.61791010310355}}