{"mean":{"confidence_interval":{"confidence_level":0.95,"lower_bound":8626959.3331875,"upper_bound":8650314.1939875},"point_estimate":8638744.4755,"standard_error":5994.001563792387},"median":{"confidence_interval":{"confidence_level":0.95,"lower_bound":8651724.5,"upper_bound":8700000.75},"point_estimate":8682975.0,"standard_error":11794.975000802311},"median_abs_dev":{"confidence_interval":{"confidence_level":0.95,"lower_bound":162604.8192831874,"upper_bound":191708.33089649677},"point_estimate":177538.38164806366,"standard_error":7331.608913976821},"slope":null,"std_dev":{"confidence_interval":{"confidence_level":0.95,"lower_bound":174112.7279811607,"upper_bound":206107.25353579994},"point_estimate":190082.57430165674,"standard_error":8175.888768341504}}