{"mean":{"confidence_interval":{"confidence_level":0.95,"lower_bound":1848976.9196218748,"upper_bound":1857545.7156625},"point_estimate":1853283.78925,"standard_error":2193.9024637637044},"median":{"confidence_interval":{"confidence_level":0.95,"lower_bound":1881911.75,"upper_bound":1892974.125},"point_estimate":1887717.9375,"standard_error":3172.5759809578885},"median_abs_dev":{"confidence_interval":{"confidence_level":0.95,"lower_bound":29769.866171479225,"upper_bound":45492.84584202804},"point_estimate":36619.848699867725,"standard_error":4306.502224935084},"slope":null,"std_dev":{"confidence_interval":{"confidence_level":0.95,"lower_bound":67326.35627243595,"upper_bound":71998.04020436994},"point_estimate":69694.05267924839,"standard_error":1190.7897934185744}}