{"mean":{"confidence_interval":{"confidence_level":0.95,"lower_bound":1211404.7740903853,"upper_bound":1215593.3962942306},"point_estimate":1213495.6420000012,"standard_error":1062.2883217285414},"median":{"confidence_interval":{"confidence_level":0.95,"lower_bound":1211511.6923076923,"upper_bound":1219604.0},"point_estimate":1215885.3846153845,"standard_error":2125.5198178599408},"median_abs_dev":{"confidence_interval":{"confidence_level":0.95,"lower_bound":33368.07358221377,"upper_bound":36806.12027963768},"point_estimate":35713.43839672897,"standard_error":844.9659071414287},"slope":null,"std_dev":{"confidence_interval":{"confidence_level":0.95,"lower_bound":31663.004150523364,"upper_bound":35745.19524154382},"point_estimate":33639.460065385116,"standard_error":1038.800159468298}}