{"mean":{"confidence_interval":{"confidence_level":0.95,"lower_bound":-0.017337440456035337,"upper_bound":-0.010875084486305055},"point_estimate":-0.013945522603424076,"standard_error":0.0016610677630182146},"median":{"confidence_interval":{"confidence_level":0.95,"lower_bound":-0.04104079072426828,"upper_bound":-0.02068892265357447},"point_estimate":-0.03407671291060099,"standard_error":0.005461891040024311}}