{"mean":{"confidence_interval":{"confidence_level":0.95,"lower_bound":-0.009400679723687017,"upper_bound":-0.002861403247608045},"point_estimate":-0.00601102144273824,"standard_error":0.0016715045605906404},"median":{"confidence_interval":{"confidence_level":0.95,"lower_bound":-0.01230852042933428,"upper_bound":0.003942795446547043},"point_estimate":-0.008958170063365856,"standard_error":0.003810254327753089}}