{"mean":{"confidence_interval":{"confidence_level":0.95,"lower_bound":641448.039434783,"upper_bound":644743.7449130443},"point_estimate":643096.7908260863,"standard_error":839.5019852783464},"median":{"confidence_interval":{"confidence_level":0.95,"lower_bound":652331.7826086957,"upper_bound":654351.6739130435},"point_estimate":653558.5652173914,"standard_error":577.5940891603389},"median_abs_dev":{"confidence_interval":{"confidence_level":0.95,"lower_bound":27343.555861076584,"upper_bound":32065.868836369264},"point_estimate":29352.063052809637,"standard_error":1254.602204078455},"slope":null,"std_dev":{"confidence_interval":{"confidence_level":0.95,"lower_bound":25811.348129106063,"upper_bound":27431.166942380987},"point_estimate":26599.599352198617,"standard_error":413.326744800131}}