{"mean":{"confidence_interval":{"confidence_level":0.95,"lower_bound":0.01997449910736071,"upper_bound":0.025952885536130336},"point_estimate":0.023038984290995268,"standard_error":0.0015335853404976794},"median":{"confidence_interval":{"confidence_level":0.95,"lower_bound":0.02320565661426577,"upper_bound":0.025136466091851207},"point_estimate":0.02355894228417932,"standard_error":0.0006551062662506361}}