{"mean":{"confidence_interval":{"confidence_level":0.95,"lower_bound":-0.016473158525339624,"upper_bound":-0.004298736843583537},"point_estimate":-0.00994083411163127,"standard_error":0.0030770969679760193},"median":{"confidence_interval":{"confidence_level":0.95,"lower_bound":0.023498143032232906,"upper_bound":0.044819928716984814},"point_estimate":0.0412926731260832,"standard_error":0.009251083618651647}}