{"mean":{"confidence_interval":{"confidence_level":0.95,"lower_bound":0.013680202791604801,"upper_bound":0.020099189158403037},"point_estimate":0.016925766136113296,"standard_error":0.0016433278872369124},"median":{"confidence_interval":{"confidence_level":0.95,"lower_bound":-0.016514075782844473,"upper_bound":0.004007769252874077},"point_estimate":-0.00822687528190258,"standard_error":0.004949695983441036}}