{"mean":{"confidence_interval":{"confidence_level":0.95,"lower_bound":0.2636432166631575,"upper_bound":0.2728190861579024},"point_estimate":0.2680594634638178,"standard_error":0.0023331937090882316},"median":{"confidence_interval":{"confidence_level":0.95,"lower_bound":0.21292194695252933,"upper_bound":0.27212797051132354},"point_estimate":0.24140697707283154,"standard_error":0.014867085629383364}}