{"mean":{"confidence_interval":{"confidence_level":0.95,"lower_bound":287566.5898039217,"upper_bound":289074.92794901936},"point_estimate":288316.02201960766,"standard_error":383.6120854395862},"median":{"confidence_interval":{"confidence_level":0.95,"lower_bound":292712.46078431373,"upper_bound":293952.92156862747},"point_estimate":293427.0294117647,"standard_error":297.79207214186795},"median_abs_dev":{"confidence_interval":{"confidence_level":0.95,"lower_bound":7000.866146298009,"upper_bound":9183.587619311671},"point_estimate":7766.192973887228,"standard_error":525.6465957985225},"slope":null,"std_dev":{"confidence_interval":{"confidence_level":0.95,"lower_bound":11394.192609788952,"upper_bound":13079.737970054688},"point_estimate":12101.36239792066,"standard_error":439.9861366443025}}