{"mean":{"confidence_interval":{"confidence_level":0.95,"lower_bound":-0.003026170709497622,"upper_bound":0.00522495128003123},"point_estimate":0.001139675385256167,"standard_error":0.002089317215806215},"median":{"confidence_interval":{"confidence_level":0.95,"lower_bound":-0.013830565521829818,"upper_bound":0.010485876221408065},"point_estimate":0.0021715045527828103,"standard_error":0.005996837136860383}}