{"mean":{"confidence_interval":{"confidence_level":0.95,"lower_bound":1154253.2750807684,"upper_bound":1159600.2709749984},"point_estimate":1156927.6015384626,"standard_error":1361.0447209621036},"median":{"confidence_interval":{"confidence_level":0.95,"lower_bound":1171398.6923076923,"upper_bound":1177065.3846153845},"point_estimate":1174849.2307692308,"standard_error":1711.5324276907045},"median_abs_dev":{"confidence_interval":{"confidence_level":0.95,"lower_bound":21123.970378820944,"upper_bound":28816.66843455582},"point_estimate":24035.454588669916,"standard_error":2139.5325379894534},"slope":null,"std_dev":{"confidence_interval":{"confidence_level":0.95,"lower_bound":41072.65104150327,"upper_bound":45413.7809407456},"point_estimate":43103.2194387221,"standard_error":1108.9298799648427}}