{"mean":{"confidence_interval":{"confidence_level":0.95,"lower_bound":239626.62718155794,"upper_bound":240684.31391926255},"point_estimate":240153.98427868882,"standard_error":270.18489409007657},"median":{"confidence_interval":{"confidence_level":0.95,"lower_bound":236472.40983606555,"upper_bound":237330.868852459},"point_estimate":236847.50819672132,"standard_error":213.44187936439323},"median_abs_dev":{"confidence_interval":{"confidence_level":0.95,"lower_bound":7646.127169418016,"upper_bound":9694.149758509186},"point_estimate":8577.655062470283,"standard_error":523.315902070608},"slope":null,"std_dev":{"confidence_interval":{"confidence_level":0.95,"lower_bound":8215.609699412465,"upper_bound":8851.892354449512},"point_estimate":8522.243965060665,"standard_error":162.27384587750433}}