{"mean":{"confidence_interval":{"confidence_level":0.95,"lower_bound":0.05363825834324691,"upper_bound":0.06850607325926085},"point_estimate":0.06092988737876759,"standard_error":0.0037812175769047053},"median":{"confidence_interval":{"confidence_level":0.95,"lower_bound":0.05184870764113106,"upper_bound":0.06996256176485711},"point_estimate":0.057379264443702116,"standard_error":0.004352417186721636}}