{"mean":{"confidence_interval":{"confidence_level":0.95,"lower_bound":236362.649609375,"upper_bound":237487.38921875},"point_estimate":236921.707734375,"standard_error":285.41170495041797},"median":{"confidence_interval":{"confidence_level":0.95,"lower_bound":233880.8671875,"upper_bound":234541.6171875},"point_estimate":234194.5859375,"standard_error":168.09716577034982},"median_abs_dev":{"confidence_interval":{"confidence_level":0.95,"lower_bound":8752.700659803813,"upper_bound":10697.375791333616},"point_estimate":9666.864564316347,"standard_error":479.7943571734591},"slope":null,"std_dev":{"confidence_interval":{"confidence_level":0.95,"lower_bound":8803.191963697996,"upper_bound":9463.21492077444},"point_estimate":9123.224723860816,"standard_error":169.53977957475922}}