{"mean":{"confidence_interval":{"confidence_level":0.95,"lower_bound":663622.1527326079,"upper_bound":667367.0812336956},"point_estimate":665477.6460869558,"standard_error":956.323901882302},"median":{"confidence_interval":{"confidence_level":0.95,"lower_bound":653709.0217391304,"upper_bound":655724.1521739131},"point_estimate":654713.0869565217,"standard_error":496.7789634868661},"median_abs_dev":{"confidence_interval":{"confidence_level":0.95,"lower_bound":22270.986699610934,"upper_bound":26375.96921868949},"point_estimate":24181.463414171525,"standard_error":1013.8576467288774},"slope":null,"std_dev":{"confidence_interval":{"confidence_level":0.95,"lower_bound":28872.730971776105,"upper_bound":31562.505605417835},"point_estimate":30146.878907182883,"standard_error":687.046481201609}}