{"mean":{"confidence_interval":{"confidence_level":0.95,"lower_bound":-0.008026243968787445,"upper_bound":-0.0032840898715572543},"point_estimate":-0.005515396778924431,"standard_error":0.0011990301950042834},"median":{"confidence_interval":{"confidence_level":0.95,"lower_bound":-0.006806524706816244,"upper_bound":-0.0013327568764539555},"point_estimate":-0.003927988347889544,"standard_error":0.0013975787927506423}}