{"mean":{"confidence_interval":{"confidence_level":0.95,"lower_bound":246728.19907622936,"upper_bound":247718.03648114775},"point_estimate":247217.18237704932,"standard_error":252.14712911951247},"median":{"confidence_interval":{"confidence_level":0.95,"lower_bound":244360.19672131148,"upper_bound":245662.1393442623},"point_estimate":244894.85245901637,"standard_error":321.2131516291408},"median_abs_dev":{"confidence_interval":{"confidence_level":0.95,"lower_bound":4884.3405460725135,"upper_bound":5496.411893648687},"point_estimate":5079.922218010076,"standard_error":155.69079658947655},"slope":null,"std_dev":{"confidence_interval":{"confidence_level":0.95,"lower_bound":7464.8269275459925,"upper_bound":8500.266155091964},"point_estimate":7961.619526042907,"standard_error":265.5071821881114}}