{"mean":{"confidence_interval":{"confidence_level":0.95,"lower_bound":1021412.3039115388,"upper_bound":1024925.1631576917},"point_estimate":1023172.6402307703,"standard_error":895.3939124029672},"median":{"confidence_interval":{"confidence_level":0.95,"lower_bound":1010609.7692307692,"upper_bound":1021343.7692307692},"point_estimate":1017289.2307692308,"standard_error":2898.183902801777},"median_abs_dev":{"confidence_interval":{"confidence_level":0.95,"lower_bound":25975.607723456156,"upper_bound":38778.15929289629},"point_estimate":32901.97266202709,"standard_error":3545.0909774608435},"slope":null,"std_dev":{"confidence_interval":{"confidence_level":0.95,"lower_bound":27443.182417242122,"upper_bound":29002.73368818506},"point_estimate":28235.671748127097,"standard_error":397.19646943397703}}