{"mean":{"confidence_interval":{"confidence_level":0.95,"lower_bound":1194984.4464562507,"upper_bound":1200302.2979041676},"point_estimate":1197653.0249166687,"standard_error":1363.915808231431},"median":{"confidence_interval":{"confidence_level":0.95,"lower_bound":1174160.5833333333,"upper_bound":1182479.1666666667},"point_estimate":1177649.5,"standard_error":2493.305910652236},"median_abs_dev":{"confidence_interval":{"confidence_level":0.95,"lower_bound":38762.424963079175,"upper_bound":55776.65114289159},"point_estimate":46236.60987913603,"standard_error":4403.513002627295},"slope":null,"std_dev":{"confidence_interval":{"confidence_level":0.95,"lower_bound":41816.59926888492,"upper_bound":45161.26767698987},"point_estimate":43301.24379668816,"standard_error":865.9291803040679}}