{"mean":{"confidence_interval":{"confidence_level":0.95,"lower_bound":-0.0016496074075776437,"upper_bound":0.004121424813181728},"point_estimate":0.0010889594118417278,"standard_error":0.0014685168352174698},"median":{"confidence_interval":{"confidence_level":0.95,"lower_bound":-0.023491735598236363,"upper_bound":-0.01956771424557846},"point_estimate":-0.02321448149642158,"standard_error":0.0011622491130554662}}