{"mean":{"confidence_interval":{"confidence_level":0.95,"lower_bound":1292060.7567000005,"upper_bound":1298557.189289585},"point_estimate":1295333.6395000003,"standard_error":1660.1831216495652},"median":{"confidence_interval":{"confidence_level":0.95,"lower_bound":1276725.8333333333,"upper_bound":1304066.2916666665},"point_estimate":1291349.125,"standard_error":7899.711674153459},"median_abs_dev":{"confidence_interval":{"confidence_level":0.95,"lower_bound":69047.76952415693,"upper_bound":79322.24911674859},"point_estimate":72649.68438521039,"standard_error":2865.501001823721},"slope":null,"std_dev":{"confidence_interval":{"confidence_level":0.95,"lower_bound":51197.698820896614,"upper_bound":53872.40909613641},"point_estimate":52507.89853654098,"standard_error":680.6899837577876}}