{"mean":{"confidence_interval":{"confidence_level":0.95,"lower_bound":8163565.627874999,"upper_bound":8258513.2994375},"point_estimate":8211268.011,"standard_error":24197.547506604027},"median":{"confidence_interval":{"confidence_level":0.95,"lower_bound":8523367.5,"upper_bound":8738524.5},"point_estimate":8697474.75,"standard_error":85120.82744902617},"median_abs_dev":{"confidence_interval":{"confidence_level":0.95,"lower_bound":455611.86751127243,"upper_bound":945011.2617976957},"point_estimate":647615.9771025181,"standard_error":133840.1693326861},"slope":null,"std_dev":{"confidence_interval":{"confidence_level":0.95,"lower_bound":751364.6698933075,"upper_bound":783400.3266538208},"point_estimate":767793.8209950561,"standard_error":8168.238827239629}}