{"mean":{"confidence_interval":{"confidence_level":0.95,"lower_bound":0.06076533271887495,"upper_bound":0.06682560650482053},"point_estimate":0.06378354318122237,"standard_error":0.0015550712040572534},"median":{"confidence_interval":{"confidence_level":0.95,"lower_bound":0.07585164988769089,"upper_bound":0.0787563826735338},"point_estimate":0.07659209945739476,"standard_error":0.000771853954070184}}