{"mean":{"confidence_interval":{"confidence_level":0.95,"lower_bound":396734.3623125,"upper_bound":398158.2895351562},"point_estimate":397446.53534375,"standard_error":363.42039683070914},"median":{"confidence_interval":{"confidence_level":0.95,"lower_bound":401276.59375,"upper_bound":403049.015625},"point_estimate":401893.703125,"standard_error":467.34862939911795},"median_abs_dev":{"confidence_interval":{"confidence_level":0.95,"lower_bound":7940.442916997709,"upper_bound":10665.106076281518},"point_estimate":9646.420900616795,"standard_error":723.6309251623492},"slope":null,"std_dev":{"confidence_interval":{"confidence_level":0.95,"lower_bound":11161.208350688272,"upper_bound":11841.701338456738},"point_estimate":11510.437120200708,"standard_error":173.0539435858427}}