{"mean":{"confidence_interval":{"confidence_level":0.95,"lower_bound":0.6697600013981962,"upper_bound":0.6789773926542061},"point_estimate":0.674566446085106,"standard_error":0.0023567866001256367},"median":{"confidence_interval":{"confidence_level":0.95,"lower_bound":0.6684760196519324,"upper_bound":0.6793010776034722},"point_estimate":0.6750416955934713,"standard_error":0.002783589481433566}}