{"mean":{"confidence_interval":{"confidence_level":0.95,"lower_bound":306853.8156722829,"upper_bound":308234.577579348},"point_estimate":307545.6998913042,"standard_error":351.47492308272734},"median":{"confidence_interval":{"confidence_level":0.95,"lower_bound":312248.1847826087,"upper_bound":314333.4130434783},"point_estimate":313431.7391304348,"standard_error":600.737290365025},"median_abs_dev":{"confidence_interval":{"confidence_level":0.95,"lower_bound":5907.081175563124,"upper_bound":9196.712673682174},"point_estimate":7302.78789861044,"standard_error":892.3482896396486},"slope":null,"std_dev":{"confidence_interval":{"confidence_level":0.95,"lower_bound":10804.991942468661,"upper_bound":11481.600197702437},"point_estimate":11146.909960343612,"standard_error":172.13550956750768}}