{"mean":{"confidence_interval":{"confidence_level":0.95,"lower_bound":265416.98308771936,"upper_bound":266815.81372543855},"point_estimate":266118.7970175439,"standard_error":358.16252051716987},"median":{"confidence_interval":{"confidence_level":0.95,"lower_bound":271046.48245614034,"upper_bound":272546.70175438595},"point_estimate":271811.6754385965,"standard_error":408.4076095244295},"median_abs_dev":{"confidence_interval":{"confidence_level":0.95,"lower_bound":9548.320983115002,"upper_bound":12336.678616506484},"point_estimate":10947.362142487535,"standard_error":721.2917192068808},"slope":null,"std_dev":{"confidence_interval":{"confidence_level":0.95,"lower_bound":11082.08607080241,"upper_bound":11622.993400538384},"point_estimate":11355.157492005865,"standard_error":137.88030488025439}}