{"mean":{"confidence_interval":{"confidence_level":0.95,"lower_bound":653072.2374988084,"upper_bound":659463.1430559517},"point_estimate":656226.7807142847,"standard_error":1625.6547340576642},"median":{"confidence_interval":{"confidence_level":0.95,"lower_bound":628536.0,"upper_bound":637156.142857143},"point_estimate":631798.4761904762,"standard_error":2302.2563385402896},"median_abs_dev":{"confidence_interval":{"confidence_level":0.95,"lower_bound":24349.998695201135,"upper_bound":36934.606439279596},"point_estimate":29636.14977385317,"standard_error":3236.030884096497},"slope":null,"std_dev":{"confidence_interval":{"confidence_level":0.95,"lower_bound":48662.31870199546,"upper_bound":53524.714523877614},"point_estimate":51179.4483719315,"standard_error":1242.8466251823982}}