{"mean":{"confidence_interval":{"confidence_level":0.95,"lower_bound":0.014899994453943279,"upper_bound":0.026114972214825248},"point_estimate":0.020416817616726757,"standard_error":0.0028081900332096624},"median":{"confidence_interval":{"confidence_level":0.95,"lower_bound":-0.03871572256143507,"upper_bound":-0.02133447521215015},"point_estimate":-0.03329478058278856,"standard_error":0.003925695683522519}}