{"mean":{"confidence_interval":{"confidence_level":0.95,"lower_bound":0.003310467021553476,"upper_bound":0.008835368625889028},"point_estimate":0.0061118376157029974,"standard_error":0.0014063283526218415},"median":{"confidence_interval":{"confidence_level":0.95,"lower_bound":0.022983236038574547,"upper_bound":0.032250445182160914},"point_estimate":0.02873280190398564,"standard_error":0.002317956884056028}}