{"mean":{"confidence_interval":{"confidence_level":0.95,"lower_bound":0.0025537479061999067,"upper_bound":0.010037406280302601},"point_estimate":0.006304974562781229,"standard_error":0.001904868696176756},"median":{"confidence_interval":{"confidence_level":0.95,"lower_bound":-0.027550847147293056,"upper_bound":-0.013993502847466527},"point_estimate":-0.0245210189054198,"standard_error":0.0034089218230983964}}