{"mean":{"confidence_interval":{"confidence_level":0.95,"lower_bound":-0.008221890888410452,"upper_bound":-0.0018313431277820907},"point_estimate":-0.0050363817019286605,"standard_error":0.001639748399148792},"median":{"confidence_interval":{"confidence_level":0.95,"lower_bound":0.005851066745576583,"upper_bound":0.024223094119734778},"point_estimate":0.01101076005554913,"standard_error":0.004740922110422845}}