{"mean":{"confidence_interval":{"confidence_level":0.95,"lower_bound":317740.5310652175,"upper_bound":319304.90846032626},"point_estimate":318524.989543479,"standard_error":400.0786949333029},"median":{"confidence_interval":{"confidence_level":0.95,"lower_bound":320245.02173913043,"upper_bound":324232.4347826087},"point_estimate":321910.1521739131,"standard_error":988.4999705897841},"median_abs_dev":{"confidence_interval":{"confidence_level":0.95,"lower_bound":15895.932914366835,"upper_bound":20198.265202278668},"point_estimate":18815.498998566876,"standard_error":1058.8043574684577},"slope":null,"std_dev":{"confidence_interval":{"confidence_level":0.95,"lower_bound":12333.385383829765,"upper_bound":12980.381034132635},"point_estimate":12663.210697117207,"standard_error":165.25131351300766}}