{"mean":{"confidence_interval":{"confidence_level":0.95,"lower_bound":0.016197729442458675,"upper_bound":0.02350267799121908},"point_estimate":0.019842005350125147,"standard_error":0.0018608208474728645},"median":{"confidence_interval":{"confidence_level":0.95,"lower_bound":0.01760815703934604,"upper_bound":0.04740232278872569},"point_estimate":0.028432982375108162,"standard_error":0.008930229725773203}}