{"mean":{"confidence_interval":{"confidence_level":0.95,"lower_bound":-0.021531594625546404,"upper_bound":-0.01578855902213461},"point_estimate":-0.01883165754819771,"standard_error":0.0014658003144961095},"median":{"confidence_interval":{"confidence_level":0.95,"lower_bound":-0.04415359712885836,"upper_bound":-0.03915624030177067},"point_estimate":-0.0419235387201875,"standard_error":0.0012827753861473722}}