{"mean":{"confidence_interval":{"confidence_level":0.95,"lower_bound":694240.546647727,"upper_bound":698350.3767829555},"point_estimate":696285.5020909085,"standard_error":1042.2203801930361},"median":{"confidence_interval":{"confidence_level":0.95,"lower_bound":691221.75,"upper_bound":693053.9090909092},"point_estimate":692020.5,"standard_error":476.8210407855124},"median_abs_dev":{"confidence_interval":{"confidence_level":0.95,"lower_bound":14474.07767667002,"upper_bound":23512.48559166082},"point_estimate":18372.749523818493,"standard_error":2547.1530245070717},"slope":null,"std_dev":{"confidence_interval":{"confidence_level":0.95,"lower_bound":30931.817870947023,"upper_bound":35273.79941674702},"point_estimate":33066.50342023659,"standard_error":1109.3763105537441}}