{"mean":{"confidence_interval":{"confidence_level":0.95,"lower_bound":0.02093372680233618,"upper_bound":0.025550128724227728},"point_estimate":0.023235091743102343,"standard_error":0.0011808634786937703},"median":{"confidence_interval":{"confidence_level":0.95,"lower_bound":0.028956536767541608,"upper_bound":0.03601076052953765},"point_estimate":0.03310486162897597,"standard_error":0.0017699360973343677}}