{"mean":{"confidence_interval":{"confidence_level":0.95,"lower_bound":-0.045285417055005196,"upper_bound":-0.03286692731470311},"point_estimate":-0.039361373896154794,"standard_error":0.0031373709345431},"median":{"confidence_interval":{"confidence_level":0.95,"lower_bound":-0.0004772445605201181,"upper_bound":0.016742903176482082},"point_estimate":0.011698190506084893,"standard_error":0.009470214851611295}}