{"mean":{"confidence_interval":{"confidence_level":0.95,"lower_bound":0.063352205247224,"upper_bound":0.0689267579016756},"point_estimate":0.06619863109492363,"standard_error":0.0014210339135226789},"median":{"confidence_interval":{"confidence_level":0.95,"lower_bound":0.07155434230273805,"upper_bound":0.07541809064978122},"point_estimate":0.07354897968227658,"standard_error":0.0010042403897749428}}