{"mean":{"confidence_interval":{"confidence_level":0.95,"lower_bound":0.02759455501161381,"upper_bound":0.032829522472641266},"point_estimate":0.03035462935818889,"standard_error":0.001320331317245571},"median":{"confidence_interval":{"confidence_level":0.95,"lower_bound":0.01944353156240064,"upper_bound":0.023152683231417684},"point_estimate":0.021206104212612376,"standard_error":0.0009169028582564914}}