{"mean":{"confidence_interval":{"confidence_level":0.95,"lower_bound":248628.210194758,"upper_bound":249955.64461854813},"point_estimate":249289.22077419353,"standard_error":337.8378309322219},"median":{"confidence_interval":{"confidence_level":0.95,"lower_bound":255673.5483870968,"upper_bound":255807.71774193546},"point_estimate":255742.23387096776,"standard_error":39.515711060860596},"median_abs_dev":{"confidence_interval":{"confidence_level":0.95,"lower_bound":5068.5409160234985,"upper_bound":6267.5120419552195},"point_estimate":5565.106391522188,"standard_error":289.75810644668405},"slope":null,"std_dev":{"confidence_interval":{"confidence_level":0.95,"lower_bound":10392.029011074712,"upper_bound":10944.261587216568},"point_estimate":10668.73531452867,"standard_error":140.46541807204554}}