{"mean":{"confidence_interval":{"confidence_level":0.95,"lower_bound":0.045957857936908396,"upper_bound":0.05313661558319422},"point_estimate":0.04966963563225235,"standard_error":0.0018276434006857178},"median":{"confidence_interval":{"confidence_level":0.95,"lower_bound":0.027958548265001992,"upper_bound":0.0524662104431044},"point_estimate":0.03338635171767601,"standard_error":0.006649107786360897}}