{"mean":{"confidence_interval":{"confidence_level":0.95,"lower_bound":0.06153387611646988,"upper_bound":0.06977672313479728},"point_estimate":0.06567068420465971,"standard_error":0.0021022430118737548},"median":{"confidence_interval":{"confidence_level":0.95,"lower_bound":0.07544447001200028,"upper_bound":0.10709116113700912},"point_estimate":0.08636787065975193,"standard_error":0.009382951135917153}}