{"mean":{"confidence_interval":{"confidence_level":0.95,"lower_bound":1853882.884221875,"upper_bound":1861955.3416562502},"point_estimate":1857912.479,"standard_error":2057.6709848686405},"median":{"confidence_interval":{"confidence_level":0.95,"lower_bound":1826651.125,"upper_bound":1829814.1875},"point_estimate":1827877.5,"standard_error":910.6401919210683},"median_abs_dev":{"confidence_interval":{"confidence_level":0.95,"lower_bound":45056.213200092316,"upper_bound":58744.98694363047},"point_estimate":52377.75518260896,"standard_error":3074.710191520203},"slope":null,"std_dev":{"confidence_interval":{"confidence_level":0.95,"lower_bound":62906.235283508606,"upper_bound":67405.09126802578},"point_estimate":65191.00194429369,"standard_error":1147.3157935005975}}