{"mean":{"confidence_interval":{"confidence_level":0.95,"lower_bound":711917.8535926465,"upper_bound":714198.1516411768},"point_estimate":713058.4709411776,"standard_error":581.6472849245775},"median":{"confidence_interval":{"confidence_level":0.95,"lower_bound":707622.0294117647,"upper_bound":720668.4705882353},"point_estimate":717600.2647058824,"standard_error":3995.3068357469124},"median_abs_dev":{"confidence_interval":{"confidence_level":0.95,"lower_bound":16948.246756314376,"upper_bound":24606.624551380402},"point_estimate":19790.572960411955,"standard_error":1922.5539795535753},"slope":null,"std_dev":{"confidence_interval":{"confidence_level":0.95,"lower_bound":17665.41308026405,"upper_bound":19226.84135838715},"point_estimate":18442.90262145733,"standard_error":398.45193767301663}}