{"mean":{"confidence_interval":{"confidence_level":0.95,"lower_bound":1292418.1640999992,"upper_bound":1296482.1303849998},"point_estimate":1294451.989199998,"standard_error":1038.2022305332596},"median":{"confidence_interval":{"confidence_level":0.95,"lower_bound":1289754.3,"upper_bound":1299778.8},"point_estimate":1293707.8,"standard_error":2534.938346478751},"median_abs_dev":{"confidence_interval":{"confidence_level":0.95,"lower_bound":25392.934529185364,"upper_bound":36822.155026026005},"point_estimate":31982.943152189186,"standard_error":2856.8849002061943},"slope":null,"std_dev":{"confidence_interval":{"confidence_level":0.95,"lower_bound":30767.550156647918,"upper_bound":34646.181246307504},"point_estimate":32701.925566311354,"standard_error":990.1829581239522}}