{"mean":{"confidence_interval":{"confidence_level":0.95,"lower_bound":294972.4533030001,"upper_bound":296404.28880000015},"point_estimate":295689.0108600004,"standard_error":366.63031367731185},"median":{"confidence_interval":{"confidence_level":0.95,"lower_bound":289910.2,"upper_bound":290723.97},"point_estimate":290267.19,"standard_error":206.40637659421193},"median_abs_dev":{"confidence_interval":{"confidence_level":0.95,"lower_bound":6297.176225052836,"upper_bound":8557.37431007623},"point_estimate":7223.8052857518405,"standard_error":569.9777334491442},"slope":null,"std_dev":{"confidence_interval":{"confidence_level":0.95,"lower_bound":11154.849387332213,"upper_bound":12014.697253958711},"point_estimate":11584.575659899334,"standard_error":218.91698788466266}}