{"mean":{"confidence_interval":{"confidence_level":0.95,"lower_bound":236497.2914926923,"upper_bound":237413.21900000056},"point_estimate":236955.33992307697,"standard_error":233.08605315570426},"median":{"confidence_interval":{"confidence_level":0.95,"lower_bound":239803.3307692308,"upper_bound":241251.1923076923},"point_estimate":240809.76153846155,"standard_error":434.1577132195097},"median_abs_dev":{"confidence_interval":{"confidence_level":0.95,"lower_bound":4167.292006015782,"upper_bound":6442.501330238124},"point_estimate":4868.025776652169,"standard_error":647.7425833826185},"slope":null,"std_dev":{"confidence_interval":{"confidence_level":0.95,"lower_bound":7131.839083223649,"upper_bound":7660.135253712892},"point_estimate":7394.458572183289,"standard_error":134.40423212020508}}