{"mean":{"confidence_interval":{"confidence_level":0.95,"lower_bound":-0.0138960906775203,"upper_bound":-0.006803757598229111},"point_estimate":-0.010421062709181195,"standard_error":0.0018126056165034628},"median":{"confidence_interval":{"confidence_level":0.95,"lower_bound":-0.04717325757715819,"upper_bound":-0.01782194494183076},"point_estimate":-0.03713681918043432,"standard_error":0.008460941324524855}}