{"mean":{"confidence_interval":{"confidence_level":0.95,"lower_bound":0.07293376929032765,"upper_bound":0.08009154992108458},"point_estimate":0.07645752798713779,"standard_error":0.001819578222194186},"median":{"confidence_interval":{"confidence_level":0.95,"lower_bound":0.10556304133425054,"upper_bound":0.11396392921317398},"point_estimate":0.1099117548176507,"standard_error":0.0021134727243654894}}