{"mean":{"confidence_interval":{"confidence_level":0.95,"lower_bound":2077322.5719285745,"upper_bound":2086011.5556678555},"point_estimate":2081663.1732857155,"standard_error":2220.047704213121},"median":{"confidence_interval":{"confidence_level":0.95,"lower_bound":2051229.0,"upper_bound":2069482.6428571427},"point_estimate":2057998.7857142857,"standard_error":4494.623416532696},"median_abs_dev":{"confidence_interval":{"confidence_level":0.95,"lower_bound":77818.70741844177,"upper_bound":101069.26380566183},"point_estimate":91076.53998306814,"standard_error":6042.442577561386},"slope":null,"std_dev":{"confidence_interval":{"confidence_level":0.95,"lower_bound":67611.85027856471,"upper_bound":73253.82409844226},"point_estimate":70276.27993645915,"standard_error":1442.5296634536094}}