{"mean":{"confidence_interval":{"confidence_level":0.95,"lower_bound":326638.46392989147,"upper_bound":328036.7301086952},"point_estimate":327335.1625869565,"standard_error":356.5659572013579},"median":{"confidence_interval":{"confidence_level":0.95,"lower_bound":322206.0,"upper_bound":323282.0108695652},"point_estimate":322757.9130434783,"standard_error":280.9329681104823},"median_abs_dev":{"confidence_interval":{"confidence_level":0.95,"lower_bound":10983.468434841414,"upper_bound":13894.353251586856},"point_estimate":12403.12519067011,"standard_error":769.6595911639045},"slope":null,"std_dev":{"confidence_interval":{"confidence_level":0.95,"lower_bound":10881.072129963639,"upper_bound":11831.374678448912},"point_estimate":11339.647083566148,"standard_error":243.7156338402438}}