{"mean":{"confidence_interval":{"confidence_level":0.95,"lower_bound":666448.7106500003,"upper_bound":669688.3398175003},"point_estimate":668071.8312999989,"standard_error":822.9110999667242},"median":{"confidence_interval":{"confidence_level":0.95,"lower_bound":657957.1,"upper_bound":669203.55},"point_estimate":668675.7,"standard_error":3624.1830435233396},"median_abs_dev":{"confidence_interval":{"confidence_level":0.95,"lower_bound":31807.84809529778,"upper_bound":36454.98358279473},"point_estimate":34558.033981472356,"standard_error":1193.4568314579553},"slope":null,"std_dev":{"confidence_interval":{"confidence_level":0.95,"lower_bound":25183.163479744053,"upper_bound":26884.229859642386},"point_estimate":26006.281308613936,"standard_error":435.529116116334}}