{"mean":{"confidence_interval":{"confidence_level":0.95,"lower_bound":8944796.051949998,"upper_bound":8967442.9524625},"point_estimate":8956166.2645,"standard_error":5786.809013592801},"median":{"confidence_interval":{"confidence_level":0.95,"lower_bound":8968252.25,"upper_bound":8995332.75},"point_estimate":8983443.75,"standard_error":6864.400522541095},"median_abs_dev":{"confidence_interval":{"confidence_level":0.95,"lower_bound":143911.16099506617,"upper_bound":167505.72028867897},"point_estimate":154559.5646560192,"standard_error":6171.134333800776},"slope":null,"std_dev":{"confidence_interval":{"confidence_level":0.95,"lower_bound":167623.62133073263,"upper_bound":197361.79668013932},"point_estimate":182513.72770177422,"standard_error":7594.776875632541}}