{"mean":{"confidence_interval":{"confidence_level":0.95,"lower_bound":-0.07854137053297784,"upper_bound":-0.07241421786189918},"point_estimate":-0.07540961772677846,"standard_error":0.001561496565468481},"median":{"confidence_interval":{"confidence_level":0.95,"lower_bound":-0.09789463320410444,"upper_bound":-0.07636958281359442},"point_estimate":-0.08804716152961345,"standard_error":0.005950658413332738}}