{"mean":{"confidence_interval":{"confidence_level":0.95,"lower_bound":0.26424914284549994,"upper_bound":0.274356818090791},"point_estimate":0.26918818903981934,"standard_error":0.002584014487944263},"median":{"confidence_interval":{"confidence_level":0.95,"lower_bound":0.2623153245321657,"upper_bound":0.2891648953512196},"point_estimate":0.27440817559676933,"standard_error":0.007026754503382711}}