{"mean":{"confidence_interval":{"confidence_level":0.95,"lower_bound":13258280.7145,"upper_bound":13302223.7760125},"point_estimate":13280231.1655,"standard_error":11235.874704635517},"median":{"confidence_interval":{"confidence_level":0.95,"lower_bound":13090104.0,"upper_bound":13153873.5},"point_estimate":13111397.5,"standard_error":17799.86426976579},"median_abs_dev":{"confidence_interval":{"confidence_level":0.95,"lower_bound":221157.3902324215,"upper_bound":323785.37890166044},"point_estimate":265878.73042970896,"standard_error":25734.57471862683},"slope":null,"std_dev":{"confidence_interval":{"confidence_level":0.95,"lower_bound":340987.1889113395,"upper_bound":369280.5653606412},"point_estimate":354810.0950659933,"standard_error":7224.845095620257}}