{"mean":{"confidence_interval":{"confidence_level":0.95,"lower_bound":0.003874283842385307,"upper_bound":0.008491599812318026},"point_estimate":0.006203683679298022,"standard_error":0.0011790574282651287},"median":{"confidence_interval":{"confidence_level":0.95,"lower_bound":0.009764349037002074,"upper_bound":0.013989925010529536},"point_estimate":0.011337787898583862,"standard_error":0.0011169549896567475}}