{"mean":{"confidence_interval":{"confidence_level":0.95,"lower_bound":2090585.2823999978,"upper_bound":2098133.9687785697},"point_estimate":2094385.960571427,"standard_error":1922.471777277801},"median":{"confidence_interval":{"confidence_level":0.95,"lower_bound":2113720.1428571427,"upper_bound":2118499.2142857146},"point_estimate":2117130.8571428573,"standard_error":1288.8737105081152},"median_abs_dev":{"confidence_interval":{"confidence_level":0.95,"lower_bound":48950.56384595349,"upper_bound":58547.44936057505},"point_estimate":53079.09115765761,"standard_error":2451.868247462488},"slope":null,"std_dev":{"confidence_interval":{"confidence_level":0.95,"lower_bound":58833.97400547918,"upper_bound":62769.52432250898},"point_estimate":60856.21001704643,"standard_error":1003.3358058096293}}