{"mean":{"confidence_interval":{"confidence_level":0.95,"lower_bound":8683234.445525,"upper_bound":8705023.061900001},"point_estimate":8694184.6065,"standard_error":5562.8846926622755},"median":{"confidence_interval":{"confidence_level":0.95,"lower_bound":8723020.5,"upper_bound":8761141.0},"point_estimate":8742172.75,"standard_error":10324.004888428355},"median_abs_dev":{"confidence_interval":{"confidence_level":0.95,"lower_bound":144183.5887402296,"upper_bound":182384.29672703147},"point_estimate":166835.86308807135,"standard_error":10052.413786205821},"slope":null,"std_dev":{"confidence_interval":{"confidence_level":0.95,"lower_bound":164821.4573384357,"upper_bound":187265.86322316306},"point_estimate":175906.6415577553,"standard_error":5723.9566941702515}}