{"mean":{"confidence_interval":{"confidence_level":0.95,"lower_bound":0.0664879259426747,"upper_bound":0.07100207374120478},"point_estimate":0.0687299985699088,"standard_error":0.0011554401046383958},"median":{"confidence_interval":{"confidence_level":0.95,"lower_bound":0.07672074270328587,"upper_bound":0.08505594569350294},"point_estimate":0.07997949745958266,"standard_error":0.0021544989710436035}}