{"mean":{"confidence_interval":{"confidence_level":0.95,"lower_bound":0.0346373688968038,"upper_bound":0.04146981544336142},"point_estimate":0.03794481924876214,"standard_error":0.0017485857397797973},"median":{"confidence_interval":{"confidence_level":0.95,"lower_bound":0.07287138901516976,"upper_bound":0.08096748991133484},"point_estimate":0.07704553515130508,"standard_error":0.0020450619831536183}}