{"mean":{"confidence_interval":{"confidence_level":0.95,"lower_bound":1032736.6247153844,"upper_bound":1036808.4655249999},"point_estimate":1034761.0997692308,"standard_error":1036.8596587422496},"median":{"confidence_interval":{"confidence_level":0.95,"lower_bound":1023900.6923076923,"upper_bound":1037779.7692307692},"point_estimate":1024499.8461538461,"standard_error":4339.006010566763},"median_abs_dev":{"confidence_interval":{"confidence_level":0.95,"lower_bound":35907.94268308353,"upper_bound":45673.49084797956},"point_estimate":37148.3100558702,"standard_error":3109.17647284256},"slope":null,"std_dev":{"confidence_interval":{"confidence_level":0.95,"lower_bound":30840.306209250048,"upper_bound":35241.84068975429},"point_estimate":32756.064769619985,"standard_error":1146.5518026392156}}