{"mean":{"confidence_interval":{"confidence_level":0.95,"lower_bound":-0.061005666012498114,"upper_bound":-0.0469041419041681},"point_estimate":-0.05432242654317365,"standard_error":0.003631085488048482},"median":{"confidence_interval":{"confidence_level":0.95,"lower_bound":0.01150391601956735,"upper_bound":0.02176215733538278},"point_estimate":0.018152808803957532,"standard_error":0.0026019282824077316}}