{"mean":{"confidence_interval":{"confidence_level":0.95,"lower_bound":0.030202431585244216,"upper_bound":0.03739249705751968},"point_estimate":0.033629443353920374,"standard_error":0.0018307270983615967},"median":{"confidence_interval":{"confidence_level":0.95,"lower_bound":0.003955794678657704,"upper_bound":0.021910637112288908},"point_estimate":0.010581905389117408,"standard_error":0.005548067313546602}}