{"mean":{"confidence_interval":{"confidence_level":0.95,"lower_bound":687293.0744387509,"upper_bound":688995.1899},"point_estimate":688142.4867,"standard_error":434.3230179913859},"median":{"confidence_interval":{"confidence_level":0.95,"lower_bound":689824.85,"upper_bound":692469.075},"point_estimate":691177.525,"standard_error":701.228720508045},"median_abs_dev":{"confidence_interval":{"confidence_level":0.95,"lower_bound":11313.498009145398,"upper_bound":13760.34486733001},"point_estimate":12306.617601513793,"standard_error":594.007480206177},"slope":null,"std_dev":{"confidence_interval":{"confidence_level":0.95,"lower_bound":12975.843297591378,"upper_bound":14477.837604260538},"point_estimate":13675.651376522434,"standard_error":383.4662077496947}}