{"mean":{"confidence_interval":{"confidence_level":0.95,"lower_bound":297937.9996040819,"upper_bound":299255.59825816314},"point_estimate":298598.85410204134,"standard_error":335.4280272225924},"median":{"confidence_interval":{"confidence_level":0.95,"lower_bound":295895.31632653065,"upper_bound":301676.7551020408},"point_estimate":299712.85714285716,"standard_error":1297.2839777209172},"median_abs_dev":{"confidence_interval":{"confidence_level":0.95,"lower_bound":13922.067609976728,"upper_bound":15750.238944663075},"point_estimate":14943.63950612597,"standard_error":518.7893977302482},"slope":null,"std_dev":{"confidence_interval":{"confidence_level":0.95,"lower_bound":10272.391005606067,"upper_bound":10920.44766842703},"point_estimate":10579.630394490578,"standard_error":165.11172875252248}}