{"mean":{"confidence_interval":{"confidence_level":0.95,"lower_bound":1177010.0007884614,"upper_bound":1183152.3221692326},"point_estimate":1180079.4312307693,"standard_error":1573.187716135714},"median":{"confidence_interval":{"confidence_level":0.95,"lower_bound":1172373.0384615385,"upper_bound":1195299.5},"point_estimate":1181962.7692307692,"standard_error":6410.776740079169},"median_abs_dev":{"confidence_interval":{"confidence_level":0.95,"lower_bound":65106.83822104576,"upper_bound":72210.54777685279},"point_estimate":67940.48593227677,"standard_error":1839.3641847853914},"slope":null,"std_dev":{"confidence_interval":{"confidence_level":0.95,"lower_bound":48541.073489048475,"upper_bound":51317.179821375306},"point_estimate":49849.28663584909,"standard_error":706.9269494478733}}