{"mean":{"confidence_interval":{"confidence_level":0.95,"lower_bound":8619135.1687875,"upper_bound":8641484.519237502},"point_estimate":8630323.3675,"standard_error":5682.837771268052},"median":{"confidence_interval":{"confidence_level":0.95,"lower_bound":8635741.75,"upper_bound":8682582.0},"point_estimate":8661924.5,"standard_error":11730.541666625151},"median_abs_dev":{"confidence_interval":{"confidence_level":0.95,"lower_bound":161508.82578514516,"upper_bound":186912.89834663272},"point_estimate":175476.82638466358,"standard_error":6589.124217199136},"slope":null,"std_dev":{"confidence_interval":{"confidence_level":0.95,"lower_bound":164253.93693800326,"upper_bound":195250.95301491252},"point_estimate":179578.96525016247,"standard_error":7921.406081678179}}