{"mean":{"confidence_interval":{"confidence_level":0.95,"lower_bound":1209512.1970000013,"upper_bound":1212944.6395875015},"point_estimate":1211205.8152500002,"standard_error":874.9823100762684},"median":{"confidence_interval":{"confidence_level":0.95,"lower_bound":1197817.125,"upper_bound":1197993.6666666667},"point_estimate":1197900.3333333335,"standard_error":45.95768693540094},"median_abs_dev":{"confidence_interval":{"confidence_level":0.95,"lower_bound":2355.8498138003024,"upper_bound":3155.5904939768398},"point_estimate":2658.6106278004563,"standard_error":446.11117467802404},"slope":null,"std_dev":{"confidence_interval":{"confidence_level":0.95,"lower_bound":25696.508039477703,"upper_bound":30564.366381938926},"point_estimate":27719.049100292992,"standard_error":1293.0540741015136}}