{"mean":{"confidence_interval":{"confidence_level":0.95,"lower_bound":20912664.44935,"upper_bound":21010133.419675},"point_estimate":20961119.042,"standard_error":24982.590048738253},"median":{"confidence_interval":{"confidence_level":0.95,"lower_bound":20751114.0,"upper_bound":21153095.5},"point_estimate":20934627.0,"standard_error":97557.67250267703},"median_abs_dev":{"confidence_interval":{"confidence_level":0.95,"lower_bound":1026168.8955518603,"upper_bound":1133100.7514834404},"point_estimate":1081496.6354995966,"standard_error":27193.227760699483},"slope":null,"std_dev":{"confidence_interval":{"confidence_level":0.95,"lower_bound":768665.5139424248,"upper_bound":816068.4150582022},"point_estimate":791956.400032004,"standard_error":12066.313373012157}}