{"mean":{"confidence_interval":{"confidence_level":0.95,"lower_bound":325137.91622222215,"upper_bound":326465.83477777796},"point_estimate":325797.7660888895,"standard_error":339.2316145299775},"median":{"confidence_interval":{"confidence_level":0.95,"lower_bound":320192.9666666667,"upper_bound":321099.43333333335},"point_estimate":320616.23333333334,"standard_error":249.00049044045699},"median_abs_dev":{"confidence_interval":{"confidence_level":0.95,"lower_bound":4878.526100888911,"upper_bound":6337.24180082476},"point_estimate":5544.11670823892,"standard_error":374.58356397022345},"slope":null,"std_dev":{"confidence_interval":{"confidence_level":0.95,"lower_bound":10225.06552024748,"upper_bound":11255.026545076622},"point_estimate":10741.75220401005,"standard_error":262.60624458810685}}