{"mean":{"confidence_interval":{"confidence_level":0.95,"lower_bound":-0.01503276413382948,"upper_bound":-0.007887502820575041},"point_estimate":-0.011482763679996122,"standard_error":0.0018330860436147286},"median":{"confidence_interval":{"confidence_level":0.95,"lower_bound":-0.008751705220133132,"upper_bound":0.00035780381921954644},"point_estimate":-0.006543137179403691,"standard_error":0.0023676151072526417}}