{"mean":{"confidence_interval":{"confidence_level":0.95,"lower_bound":0.020584938837848236,"upper_bound":0.026416793544257043},"point_estimate":0.023582707130657354,"standard_error":0.0014928719178093877},"median":{"confidence_interval":{"confidence_level":0.95,"lower_bound":0.0013898845766654455,"upper_bound":0.02360504489517745},"point_estimate":0.011259595431470704,"standard_error":0.006128291692182295}}