{"mean":{"confidence_interval":{"confidence_level":0.95,"lower_bound":1000391.791464286,"upper_bound":1004814.4723160717},"point_estimate":1002606.2792857139,"standard_error":1118.7332224459467},"median":{"confidence_interval":{"confidence_level":0.95,"lower_bound":987991.1785714286,"upper_bound":1009538.5},"point_estimate":998816.4642857143,"standard_error":5675.526119857679},"median_abs_dev":{"confidence_interval":{"confidence_level":0.95,"lower_bound":44877.504305765004,"upper_bound":53422.315699064246},"point_estimate":52544.878617141876,"standard_error":2185.1026149763543},"slope":null,"std_dev":{"confidence_interval":{"confidence_level":0.95,"lower_bound":34446.789302766454,"upper_bound":36802.73946164766},"point_estimate":35572.88924805365,"standard_error":602.0253219236496}}