{"mean":{"confidence_interval":{"confidence_level":0.95,"lower_bound":9124776.4836125,"upper_bound":9158130.4829625},"point_estimate":9141530.9655,"standard_error":8500.040049934318},"median":{"confidence_interval":{"confidence_level":0.95,"lower_bound":9291928.0,"upper_bound":9308438.75},"point_estimate":9302456.5,"standard_error":4265.731757041682},"median_abs_dev":{"confidence_interval":{"confidence_level":0.95,"lower_bound":76571.46092433482,"upper_bound":111808.7944149971},"point_estimate":90239.92999792099,"standard_error":9322.738014657805},"slope":null,"std_dev":{"confidence_interval":{"confidence_level":0.95,"lower_bound":260833.35381461954,"upper_bound":277492.62936434103},"point_estimate":269515.67925642943,"standard_error":4244.897213905404}}