{"mean":{"confidence_interval":{"confidence_level":0.95,"lower_bound":314440.77717021276,"upper_bound":316184.9617632977},"point_estimate":315313.0168936172,"standard_error":445.1244500380948},"median":{"confidence_interval":{"confidence_level":0.95,"lower_bound":317278.06382978725,"upper_bound":321070.42553191487},"point_estimate":320683.8617021276,"standard_error":1038.7713470917975},"median_abs_dev":{"confidence_interval":{"confidence_level":0.95,"lower_bound":16783.773002028465,"upper_bound":20590.427690457414},"point_estimate":17748.519731709363,"standard_error":995.838681890649},"slope":null,"std_dev":{"confidence_interval":{"confidence_level":0.95,"lower_bound":13691.516853795636,"upper_bound":14478.104622972072},"point_estimate":14074.82549891629,"standard_error":199.81824218150837}}