{"mean":{"confidence_interval":{"confidence_level":0.95,"lower_bound":8916356.5863625,"upper_bound":8950111.0742},"point_estimate":8933158.815,"standard_error":8636.182302539995},"median":{"confidence_interval":{"confidence_level":0.95,"lower_bound":8856273.25,"upper_bound":8871439.5},"point_estimate":8863009.5,"standard_error":3730.34653655894},"median_abs_dev":{"confidence_interval":{"confidence_level":0.95,"lower_bound":189752.43867997086,"upper_bound":262654.81678694487},"point_estimate":226248.46248328686,"standard_error":18531.706078429997},"slope":null,"std_dev":{"confidence_interval":{"confidence_level":0.95,"lower_bound":261371.7183390207,"upper_bound":283434.13187736965},"point_estimate":272410.5035746046,"standard_error":5617.135315843346}}