{"mean":{"confidence_interval":{"confidence_level":0.95,"lower_bound":7476982.685337501,"upper_bound":7553034.1623625},"point_estimate":7514830.3435,"standard_error":19399.25125605511},"median":{"confidence_interval":{"confidence_level":0.95,"lower_bound":7230099.75,"upper_bound":7336852.5},"point_estimate":7297544.75,"standard_error":26138.90110506498},"median_abs_dev":{"confidence_interval":{"confidence_level":0.95,"lower_bound":341468.21906022733,"upper_bound":456388.05492874235},"point_estimate":410523.4077617526,"standard_error":27630.86577630971},"slope":null,"std_dev":{"confidence_interval":{"confidence_level":0.95,"lower_bound":588058.6405204751,"upper_bound":639485.953282375},"point_estimate":614844.6800966451,"standard_error":13107.186952959635}}