{"mean":{"confidence_interval":{"confidence_level":0.95,"lower_bound":1323452.0129659106,"upper_bound":1330468.0313636365},"point_estimate":1326962.362181817,"standard_error":1788.712506359314},"median":{"confidence_interval":{"confidence_level":0.95,"lower_bound":1293838.9545454546,"upper_bound":1301081.8636363638},"point_estimate":1296650.5,"standard_error":1770.3667969478215},"median_abs_dev":{"confidence_interval":{"confidence_level":0.95,"lower_bound":33915.82390082838,"upper_bound":48907.652444670166},"point_estimate":39823.5787657174,"standard_error":3820.838677990802},"slope":null,"std_dev":{"confidence_interval":{"confidence_level":0.95,"lower_bound":55163.79201807709,"upper_bound":58387.74400403354},"point_estimate":56704.61410173265,"standard_error":825.0322325653177}}