{"mean":{"confidence_interval":{"confidence_level":0.95,"lower_bound":300535.925337234,"upper_bound":301997.4139276597},"point_estimate":301263.8854468086,"standard_error":373.81206402239343},"median":{"confidence_interval":{"confidence_level":0.95,"lower_bound":301998.41489361704,"upper_bound":308590.8723404255},"point_estimate":306476.28723404254,"standard_error":1862.5956131241985},"median_abs_dev":{"confidence_interval":{"confidence_level":0.95,"lower_bound":10368.720639322677,"upper_bound":17154.413926352594},"point_estimate":13524.16655351507,"standard_error":2080.6114970206963},"slope":null,"std_dev":{"confidence_interval":{"confidence_level":0.95,"lower_bound":11554.409552110086,"upper_bound":12164.773965885042},"point_estimate":11854.056510204045,"standard_error":155.70623331082984}}