{"mean":{"confidence_interval":{"confidence_level":0.95,"lower_bound":426209.98021621583,"upper_bound":428074.4459709457},"point_estimate":427142.435081081,"standard_error":475.9916576729926},"median":{"confidence_interval":{"confidence_level":0.95,"lower_bound":432584.5135135135,"upper_bound":433424.0405405406},"point_estimate":433004.472972973,"standard_error":212.96965795073362},"median_abs_dev":{"confidence_interval":{"confidence_level":0.95,"lower_bound":9170.038113010003,"upper_bound":10793.109425411045},"point_estimate":9962.170242054959,"standard_error":403.32525978926145},"slope":null,"std_dev":{"confidence_interval":{"confidence_level":0.95,"lower_bound":14477.964833207,"upper_bound":15673.737289456973},"point_estimate":15087.465959150708,"standard_error":305.41622818047597}}