{"mean":{"confidence_interval":{"confidence_level":0.95,"lower_bound":-0.07745372592062418,"upper_bound":-0.07105112157247175},"point_estimate":-0.07440978460350434,"standard_error":0.0016360320090906023},"median":{"confidence_interval":{"confidence_level":0.95,"lower_bound":-0.08236866308584345,"upper_bound":-0.07639049111277808},"point_estimate":-0.07918930164622595,"standard_error":0.0015410184732867764}}