{"mean":{"confidence_interval":{"confidence_level":0.95,"lower_bound":997245.9787857153,"upper_bound":1001952.2474999997},"point_estimate":999599.3807857144,"standard_error":1201.0699560085397},"median":{"confidence_interval":{"confidence_level":0.95,"lower_bound":995270.1428571428,"upper_bound":1011790.1785714286},"point_estimate":1005962.5,"standard_error":5379.0632966237},"median_abs_dev":{"confidence_interval":{"confidence_level":0.95,"lower_bound":43306.28456615981,"upper_bound":54355.58590749555},"point_estimate":50360.37345592467,"standard_error":2738.6481263117385},"slope":null,"std_dev":{"confidence_interval":{"confidence_level":0.95,"lower_bound":36887.455347015464,"upper_bound":39255.11902005964},"point_estimate":38030.617258034996,"standard_error":603.2550868389933}}