{"mean":{"confidence_interval":{"confidence_level":0.95,"lower_bound":2453991.0698150005,"upper_bound":2463126.3451049994},"point_estimate":2458562.2007999965,"standard_error":2332.148700786986},"median":{"confidence_interval":{"confidence_level":0.95,"lower_bound":2477808.4,"upper_bound":2478630.1},"point_estimate":2478255.9000000004,"standard_error":227.67960487501736},"median_abs_dev":{"confidence_interval":{"confidence_level":0.95,"lower_bound":58158.393947482175,"upper_bound":73151.18618130691},"point_estimate":64638.24539244092,"standard_error":3453.4183948037903},"slope":null,"std_dev":{"confidence_interval":{"confidence_level":0.95,"lower_bound":70574.27082908274,"upper_bound":77487.34742546004},"point_estimate":74000.05554197037,"standard_error":1761.04850738051}}