{"mean":{"confidence_interval":{"confidence_level":0.95,"lower_bound":2474859.072445836,"upper_bound":2482594.884416666},"point_estimate":2478735.8103333367,"standard_error":1974.3710756802564},"median":{"confidence_interval":{"confidence_level":0.95,"lower_bound":2443606.0,"upper_bound":2454608.833333333},"point_estimate":2446762.166666667,"standard_error":2892.2573417907406},"median_abs_dev":{"confidence_interval":{"confidence_level":0.95,"lower_bound":42928.9015391101,"upper_bound":62987.02438175655},"point_estimate":52532.59421736071,"standard_error":5041.097278489305},"slope":null,"std_dev":{"confidence_interval":{"confidence_level":0.95,"lower_bound":59629.67796094498,"upper_bound":65397.780866014655},"point_estimate":62305.1225713945,"standard_error":1481.7502554311661}}