{"mean":{"confidence_interval":{"confidence_level":0.95,"lower_bound":0.08453676417123765,"upper_bound":0.09502966847749034},"point_estimate":0.08970742092188,"standard_error":0.0026041101066146335},"median":{"confidence_interval":{"confidence_level":0.95,"lower_bound":0.04499471346509183,"upper_bound":0.05024544438849632},"point_estimate":0.04727682406297529,"standard_error":0.0013528151347820432}}